date,tavg_ms,tmin_ms,tmax_ms,prcp_ms,snow_ms,wdir_ms,wspd_ms,wpgt_ms,pres_ms,tsun_ms
2020-01-15,7.8,6.0,10.0,,,,,,,
2020-01-16,6.0,1.0,9.0,,,,,,,
2020-01-17,-3.5,-6.0,1.0,,,,,,,
2020-01-18,-3.0,-7.0,3.0,,,,,,,
2020-01-19,3.1,-2.0,6.0,,,,,,,
2020-01-20,-3.9,-7.0,-1.0,,,,,,,
2020-01-23,4.7,1.0,8.0,,,,,,,
2020-01-25,6.1,3.0,11.0,,,,,,,
2020-01-26,5.3,4.0,8.0,,,,,,,
2020-01-27,4.8,3.0,7.0,,,,,,,
2020-01-30,-0.3,-4.0,3.0,,,,,,,
2020-01-31,4.0,1.0,7.0,,,,,,,
2020-02-01,5.0,3.0,6.0,,,,,,,
2020-02-02,3.7,2.0,7.0,,,,,,,
2020-02-03,9.0,3.0,13.0,,,,,,,
2020-02-04,10.7,6.0,16.0,,,,,,,
2020-02-05,5.2,4.0,9.0,,,,,,,
2020-02-06,3.6,2.0,5.0,,,,,,,
2020-02-07,4.4,1.0,13.0,,,,,,,
2020-02-08,1.6,-1.0,4.0,,,,,,,
2020-02-09,3.0,-1.0,6.0,,,,,,,
2020-02-10,6.8,6.0,8.0,,,,,,,
2020-02-11,7.4,7.0,9.0,,,,,,,
2020-02-13,4.5,3.0,7.0,,,,,,,
2020-02-14,-1.5,-8.0,4.0,,,,,,,
2020-02-15,-4.8,-9.0,-1.0,,,,,,,
2020-02-16,2.9,-1.0,7.0,,,,,,,
2020-02-17,6.5,3.0,10.0,,,,,,,
2020-02-19,5.8,1.0,9.0,,,,,,,
2020-02-20,0.0,-3.0,9.0,,,,,,,
2020-02-21,-1.9,-7.0,2.0,,,,,,,
2020-02-22,4.4,-1.0,10.0,,,,,,,
2020-02-23,8.5,4.0,13.0,,,,,,,
2020-02-24,10.0,5.0,16.0,,,,,,,
2020-02-25,9.1,8.0,11.0,,,,,,,
2020-02-26,7.8,6.0,8.0,,,,,,,
2020-02-27,3.7,-1.0,6.0,,,,,,,
2020-02-28,1.4,-2.0,5.0,,,,,,,
2020-03-01,1.6,-4.0,6.0,,,,,,,
2020-03-02,9.8,4.0,14.0,,,,,,,
2020-03-03,11.8,9.0,15.0,,,,,,,
2020-03-04,10.0,8.0,13.0,,,,,,,
2020-03-05,7.0,4.0,11.0,,,,,,,
2020-03-06,4.8,3.0,7.0,,,,,,,
2020-03-07,4.8,2.0,9.0,,,,,,,
2020-03-09,14.9,8.0,22.0,,,,,,,
2020-03-11,10.4,6.0,13.0,,,,,,,
2020-03-12,7.9,7.0,9.0,,,,,,,
2020-03-13,13.1,7.0,21.0,,,,,,,
2020-03-14,9.2,6.0,13.0,,,,,,,
2020-03-15,8.2,6.0,12.0,,,,,,,
2020-03-16,4.1,1.0,7.0,,,,,,,
2020-03-17,8.6,5.0,12.0,,,,,,,
2020-03-18,8.4,6.0,12.0,,,,,,,
2020-03-19,8.2,5.0,11.0,,,,,,,
2020-03-20,15.3,8.0,25.0,,,,,,,
2020-03-21,9.1,6.0,19.0,,,,,,,
2020-03-22,3.3,1.0,7.0,,,,,,,
2020-03-23,3.1,2.0,5.0,,,,,,,
2020-03-24,7.1,2.0,12.0,,,,,,,
2020-03-25,5.8,4.0,7.0,,,,,,,
2020-03-26,8.3,3.0,14.0,,,,,,,
2020-03-27,14.5,10.0,20.0,,,,,,,
2020-03-28,8.8,7.0,13.0,,,,,,,
2020-03-29,7.3,7.0,8.0,,,,,,,
2020-03-30,7.9,6.0,11.0,,,,,,,
2020-03-31,6.6,5.0,9.0,,,,,,,
2020-04-01,8.1,3.0,13.0,,,,,,,
2020-04-02,9.1,3.0,14.0,,,,,,,
2020-04-04,10.8,8.0,16.0,,,,,,,
2020-04-05,12.1,8.0,18.0,,,,,,,
2020-04-07,14.1,11.0,19.0,,,,,,,
2020-04-08,13.6,10.0,18.0,,,,,,,
2020-04-09,10.5,8.0,14.0,,,,,,,
2020-04-10,6.3,3.0,9.0,,,,,,,
2020-04-11,8.3,3.0,13.0,,,,,,,
2020-04-12,12.2,7.0,17.0,,,,,,,
2020-04-13,14.7,12.0,19.0,,,,,,,
2020-04-15,8.5,6.0,11.0,,,,,,,
2020-04-16,6.7,3.0,8.0,,,,,,,
2020-04-17,5.9,3.0,10.0,,,,,,,
2020-04-18,6.5,5.0,8.0,,,,,,,
2020-04-19,10.9,4.0,17.0,,,,,,,
2020-04-21,9.8,4.0,15.0,,,,,,,
2020-04-24,7.6,6.0,9.0,,,,,,,
2020-04-27,6.7,4.0,9.0,,,,,,,
2020-04-29,10.5,8.0,14.0,,,,,,,
2020-05-04,16.8,10.0,21.0,,,,,,,
2020-05-05,12.2,8.0,17.0,,,,,,,
2020-05-06,9.4,7.0,12.0,,,,,,,
2020-05-08,9.0,5.0,14.0,,,,,,,
2020-05-09,4.5,1.0,8.0,,,,,,,
2020-05-10,11.0,4.0,17.0,,,,,,,
2020-05-11,11.4,7.0,16.0,,,,,,,
2020-05-13,11.3,5.0,17.0,,,,,,,
2020-05-14,14.6,9.0,18.0,,,,,,,
2020-05-15,22.0,16.0,29.0,,,,,,,
2020-05-16,20.5,17.0,24.0,,,,,,,
2020-05-17,15.3,13.0,19.0,,,,,,,
2020-05-18,15.8,13.0,21.0,,,,,,,
2020-05-19,15.3,12.0,19.0,,,,,,,
2020-05-20,13.5,10.0,18.0,,,,,,,
2020-05-21,13.4,8.0,19.0,,,,,,,
2020-05-22,17.9,12.0,24.0,,,,,,,
2020-05-24,14.8,11.0,19.0,,,,,,,
2020-05-25,16.7,13.0,21.0,,,,,,,
2020-05-26,19.0,15.0,24.0,,,,,,,
2020-05-27,19.5,16.0,26.0,,,,,,,
2020-05-28,20.5,17.0,24.0,,,,,,,
2020-05-29,22.6,19.0,27.0,,,,,,,
2020-05-30,22.8,19.0,27.0,,,,,,,
2020-05-31,17.0,13.0,21.0,,,,,,,
2020-06-01,16.1,11.0,21.0,,,,,,,
2020-06-02,19.3,15.0,22.0,,,,,,,
2020-06-03,20.7,16.0,26.0,,,,,,,
2020-06-04,23.8,19.0,29.0,,,,,,,
2020-06-05,22.3,21.0,26.0,,,,,,,
2020-06-06,25.0,21.0,29.0,,,,,,,
2020-06-08,21.0,15.0,26.0,,,,,,,
2020-06-09,25.1,19.0,30.0,,,,,,,
2020-06-10,24.3,22.0,29.0,,,,,,,
2020-06-11,23.5,21.0,28.0,,,,,,,
2020-06-12,25.0,21.0,29.0,,,,,,,
2020-06-13,19.5,16.0,23.0,,,,,,,
2020-06-14,17.5,13.0,23.0,,,,,,,
2020-06-15,18.9,15.0,23.0,,,,,,,
2020-06-16,20.2,16.0,24.0,,,,,,,
2020-06-17,20.4,16.0,25.0,,,,,,,
2020-06-19,22.7,18.0,28.0,,,,,,,
2020-06-20,24.5,21.0,29.0,,,,,,,
2020-06-21,25.0,21.0,30.0,,,,,,,
2020-06-22,26.5,22.0,32.0,,,,,,,
2020-06-23,25.8,23.0,30.0,,,,,,,
2020-06-24,25.3,6.0,29.0,,,,,,,
2020-06-25,25.0,22.0,30.0,,,,,,,
2020-06-26,25.5,21.0,30.0,,,,,,,
2020-06-27,24.3,22.0,27.0,,,,,,,
2020-06-28,25.8,22.0,32.0,,,,,,,
2020-06-29,24.0,18.0,30.0,,,,,,,
2020-06-30,22.2,19.0,26.0,,,,,,,
2020-07-01,22.6,19.0,26.0,,,,,,,
2020-07-02,26.3,21.0,33.0,,,,,,,
2020-07-03,27.2,22.0,32.0,,,,,,,
2020-07-04,24.2,20.0,31.0,,,,,,,
2020-07-05,26.9,22.0,33.0,,,,,,,
2020-07-06,26.3,21.0,35.0,,,,,,,
2020-07-07,24.3,22.0,27.0,,,,,,,
2020-07-10,23.7,23.0,25.0,,,,,,,
2020-07-12,25.8,22.0,30.0,,,,,,,
2020-07-15,23.6,22.0,27.0,,,,,,,
2020-07-16,22.3,21.0,24.0,,,,,,,
2020-07-17,24.1,21.0,29.0,,,,,,,
2020-07-24,24.4,23.0,27.0,,,,,,,
2020-07-25,26.8,23.0,31.0,,,,,,,
2020-07-26,28.7,25.0,33.0,,,,,,,
2020-07-27,29.8,25.0,34.0,,,,,,,
2020-07-29,28.0,26.0,32.0,,,,,,,
2020-07-30,28.7,25.0,33.0,,,,,,,
2020-07-31,23.6,22.0,27.0,,,,,,,
2020-08-01,25.9,22.0,30.0,,,,,,,
2020-08-03,27.3,21.0,31.0,,,,,,,
2020-08-04,23.8,21.0,26.0,,,,,,,
2020-08-05,26.1,23.0,29.0,,,,,,,
2020-08-06,24.0,22.0,26.0,,,,,,,
2020-08-07,22.6,19.0,26.0,,,,,,,
2020-08-08,23.5,21.0,28.0,,,,,,,
2020-08-09,25.8,22.0,31.0,,,,,,,
2020-08-10,28.0,24.0,32.0,,,,,,,
2020-08-11,27.3,26.0,29.0,,,,,,,
2020-08-12,26.7,22.0,31.0,,,,,,,
2020-08-13,24.2,22.0,26.0,,,,,,,
2020-08-18,22.8,18.0,27.0,,,,,,,
2020-08-19,21.6,19.0,24.0,,,,,,,
2020-08-21,24.4,20.0,28.0,,,,,,,
2020-08-23,26.0,23.0,29.0,,,,,,,
2020-08-24,27.6,24.0,32.0,,,,,,,
2020-08-27,24.9,19.0,32.0,,,,,,,
2020-08-28,24.7,22.0,29.0,,,,,,,
2020-08-29,24.5,22.0,27.0,,,,,,,
2020-08-31,21.0,18.0,24.0,,,,,,,
2020-09-01,21.6,19.0,24.0,,,,,,,
2020-09-02,23.4,21.0,26.0,,,,,,,
2020-09-03,24.8,22.0,29.0,,,,,,,
2020-09-04,24.5,21.0,29.0,,,,,,,
2020-09-05,22.0,18.0,26.0,,,,,,,
2020-09-06,22.8,19.0,27.0,,,,,,,
2020-09-07,22.4,19.0,26.0,,,,,,,
2020-09-12,18.9,17.0,23.0,,,,,,,
2020-09-13,20.6,16.0,23.0,,,,,,,
2020-09-14,21.3,16.0,24.0,,,,,,,
2020-09-15,15.5,12.0,19.0,,,,,,,
2020-09-16,17.8,14.0,21.0,,,,,,,
2020-09-17,20.6,18.0,23.0,,,,,,,
2020-09-18,18.4,14.0,22.0,,,,,,,
2020-09-19,13.7,10.0,17.0,,,,,,,
2020-09-20,13.5,10.0,18.0,,,,,,,
2020-09-21,13.8,10.0,18.0,,,,,,,
2020-09-22,15.9,9.0,22.0,,,,,,,
2020-09-23,20.3,14.0,26.0,,,,,,,
2020-09-24,20.5,17.0,24.0,,,,,,,
2020-09-25,20.5,17.0,25.0,,,,,,,
2020-09-26,20.7,18.0,23.0,,,,,,,
2020-09-27,22.5,19.0,26.0,,,,,,,
2020-09-29,21.4,20.0,23.0,,,,,,,
2020-09-30,18.5,16.0,22.0,,,,,,,
2020-10-01,18.1,16.0,21.0,,,,,,,
2020-10-02,15.2,13.0,18.0,,,,,,,
2020-10-03,14.6,11.0,19.0,,,,,,,
2020-10-04,14.8,11.0,19.0,,,,,,,
2020-10-05,15.9,12.0,20.0,,,,,,,
2020-10-06,16.8,14.0,21.0,,,,,,,
2020-10-07,18.6,16.0,23.0,,,,,,,
2020-10-08,14.8,12.0,17.0,,,,,,,
2020-10-09,15.5,11.0,20.0,,,,,,,
2020-10-10,18.3,15.0,21.0,,,,,,,
2020-10-11,17.5,16.0,19.0,,,,,,,
2020-10-13,13.1,12.0,14.0,,,,,,,
2020-10-14,15.1,11.0,19.0,,,,,,,
2020-10-15,17.6,14.0,21.0,,,,,,,
2020-10-16,13.6,9.0,19.0,,,,,,,
2020-10-17,10.5,7.0,15.0,,,,,,,
2020-10-18,12.3,8.0,16.0,,,,,,,
2020-10-20,17.3,14.0,21.0,,,,,,,
2020-10-21,17.6,16.0,20.0,,,,,,,
2020-10-23,18.0,17.0,20.0,,,,,,,
2020-10-24,16.8,9.0,21.0,,,,,,,
2020-10-25,9.4,7.0,11.0,,,,,,,
2020-10-26,12.8,10.0,15.0,,,,,,,
2020-10-29,10.5,8.0,13.0,,,,,,,
2020-10-30,5.0,3.0,8.0,,,,,,,
2020-10-31,4.6,0.0,8.0,,,,,,,
2020-11-01,9.9,7.0,13.0,,,,,,,
2020-11-02,5.2,4.0,7.0,,,,,,,
2020-11-03,8.5,4.0,12.0,,,,,,,
2020-11-04,11.3,5.0,16.0,,,,,,,
2020-11-05,14.9,12.0,19.0,,,,,,,
2020-11-06,16.8,13.0,21.0,,,,,,,
2020-11-07,18.2,13.0,23.0,,,,,,,
2020-11-08,17.8,13.0,23.0,,,,,,,
2020-11-09,17.6,12.0,23.0,,,,,,,
2020-11-10,18.9,16.0,23.0,,,,,,,
2020-11-11,19.4,18.0,22.0,,,,,,,
2020-11-12,13.1,8.0,19.0,,,,,,,
2020-11-13,8.8,8.0,10.0,,,,,,,
2020-11-15,11.1,5.0,17.0,,,,,,,
2020-11-16,10.0,7.0,12.0,,,,,,,
2020-11-17,6.5,2.0,10.0,,,,,,,
2020-11-18,0.8,-1.0,2.0,,,,,,,
2020-11-20,12.0,7.0,17.0,,,,,,,
2020-11-21,13.7,9.0,18.0,,,,,,,
2020-11-22,9.7,7.0,15.0,,,,,,,
2020-11-23,10.3,6.0,16.0,,,,,,,
2020-11-24,7.0,5.0,9.0,,,,,,,
2020-11-27,13.3,11.0,16.0,,,,,,,
2020-11-29,9.1,5.0,12.0,,,,,,,
2020-11-30,14.3,10.0,17.0,,,,,,,
2020-12-01,9.3,3.0,15.0,,,,,,,
2020-12-02,4.2,2.0,6.0,,,,,,,
2020-12-03,6.0,2.0,9.0,,,,,,,
2020-12-04,8.6,7.0,11.0,,,,,,,
2020-12-05,6.0,4.0,8.0,,,,,,,
2020-12-06,2.6,1.0,4.0,,,,,,,
2020-12-07,1.6,0.0,4.0,,,,,,,
2020-12-08,0.4,-1.0,2.0,,,,,,,
2020-12-09,1.5,0.0,3.0,,,,,,,
2020-12-10,5.8,2.0,9.0,,,,,,,
2020-12-11,9.2,4.0,13.0,,,,,,,
2020-12-12,11.0,8.0,14.0,,,,,,,
2020-12-13,12.1,8.0,16.0,,,,,,,
2020-12-14,4.1,2.0,7.0,,,,,,,
2020-12-15,1.4,-1.0,4.0,,,,,,,
2020-12-16,-2.3,-4.0,-1.0,,,,,,,
2020-12-17,-2.3,-4.0,0.0,,,,,,,
2020-12-18,-2.5,-4.0,0.0,,,,,,,
2020-12-19,-2.8,-7.0,0.0,,,,,,,
2020-12-20,2.2,-1.0,4.0,,,,,,,
2020-12-21,4.9,3.0,7.0,,,,,,,
2020-12-22,5.3,3.0,7.0,,,,,,,
2020-12-23,4.7,3.0,7.0,,,,,,,
2020-12-24,12.3,7.0,15.0,,,,,,,
2020-12-25,9.1,-1.0,16.0,,,,,,,
2020-12-26,-2.4,-4.0,0.0,,,,,,,
2020-12-27,-0.3,-4.0,3.0,,,,,,,
2020-12-28,6.9,2.0,10.0,,,,,,,
2020-12-29,2.3,-1.0,6.0,,,,,,,
2020-12-30,2.0,-2.0,6.0,,,,,,,
2020-12-31,6.0,2.0,9.0,,,,,,,
2021-01-01,2.5,1.0,4.0,,,,,,,
2021-01-02,5.5,2.0,11.0,6.1,,316.0,17.5,,1012.5,
2021-01-03,2.3,2.0,3.0,5.2,,41.0,15.6,,1017.3,
2021-01-04,3.4,2.0,6.0,0.6,,3.0,11.2,,1015.0,
2021-01-05,3.5,2.0,5.0,0.2,,356.0,9.5,,1013.6,
2021-01-06,2.7,1.0,4.0,0.0,,332.0,15.5,,1016.0,
2021-01-07,1.5,-1.0,5.0,0.0,,326.0,13.7,,1019.2,
2021-01-08,-0.1,-2.0,3.0,0.0,,351.0,12.3,,1016.2,
2021-01-09,-0.4,-4.0,2.0,0.0,,355.0,13.9,,1012.8,
2021-01-10,1.1,-2.0,5.0,0.0,,352.0,9.1,,1022.6,
2021-01-11,0.3,-2.0,3.0,0.0,,275.0,5.5,,1025.4,
2021-01-12,3.2,1.0,7.0,0.0,,273.0,7.9,,1020.1,
2021-01-13,4.1,2.0,6.0,0.0,,258.0,9.0,,1016.3,
2021-01-14,6.2,4.0,9.0,0.0,,246.0,5.2,,1010.8,
2021-01-15,5.2,3.0,8.0,5.8,,65.0,17.0,,1013.6,
2021-01-16,5.6,3.0,8.0,22.7,,298.0,16.2,,998.4,
2021-01-17,4.5,2.0,7.0,0.0,,253.0,21.4,,1003.2,
2021-01-18,4.8,3.0,7.0,0.3,,257.0,16.2,,1007.9,
2021-01-19,3.1,2.0,6.0,0.0,,261.0,17.6,,1017.6,
2021-01-20,1.4,-3.0,4.0,1.4,,289.0,14.7,,1014.5,
2021-01-21,1.5,-3.0,6.0,0.0,,227.0,11.0,,1008.6,
2021-01-22,4.7,2.0,7.0,0.0,,274.0,19.8,,1006.3,
2021-01-23,-1.6,-4.0,2.0,0.0,,303.0,24.4,,1017.6,
2021-01-24,-2.9,-6.0,0.0,0.0,,307.0,19.7,,1021.1,
2021-01-25,-0.9,-5.0,3.0,0.0,,339.0,7.8,,1019.8,
2021-01-26,0.9,0.0,1.0,6.5,,56.0,12.3,,1014.9,
2021-01-27,1.1,-1.0,3.0,1.0,,329.0,13.9,,1015.3,
2021-01-28,-2.5,-7.0,1.0,0.0,,332.0,24.0,,1019.1,
2021-01-29,-6.7,-9.0,-4.0,0.0,,318.0,26.3,,1020.6,
2021-01-30,-4.6,-8.0,0.0,0.0,,322.0,15.1,,1025.5,
2021-01-31,-5.1,-7.0,-3.0,1.7,,48.0,10.3,,1026.0,
2021-02-01,-1.2,-5.0,1.0,27.6,,35.0,34.8,,1010.5,
2021-02-02,-0.2,-1.0,1.0,2.4,,356.0,29.7,,997.2,
2021-02-03,0.0,-2.0,3.0,0.0,,312.0,14.8,,1000.1,
2021-02-04,2.5,-1.0,6.0,0.0,,289.0,12.1,,1010.5,
2021-02-05,5.5,3.0,8.0,1.3,,209.0,12.3,,1007.0,
2021-02-06,3.9,1.0,7.0,0.0,,259.0,15.1,,1017.0,
2021-02-07,0.8,-4.0,4.0,10.0,,8.0,14.4,,1015.7,
2021-02-08,-4.7,-8.0,-2.0,0.0,,275.0,11.9,,1028.4,
2021-02-09,-1.1,-3.0,1.0,2.7,,5.0,10.0,,1024.2,
2021-02-10,-1.0,-3.0,2.0,0.4,,307.0,7.4,,1026.3,
2021-02-11,-1.8,-3.0,0.0,4.0,,8.0,9.9,,1024.9,
2021-02-12,-3.5,-7.0,-1.0,0.0,,3.0,7.5,,1027.8,
2021-02-13,-2.4,-4.0,-1.0,0.7,,25.0,12.8,,1026.1,
2021-02-14,0.2,-3.0,3.0,0.1,,10.0,7.9,,1023.6,
2021-02-15,0.6,-1.0,2.0,1.1,,20.0,10.8,,1022.4,
2021-02-16,4.8,1.0,11.0,27.6,,224.0,16.6,,1006.4,
2021-02-17,-2.0,-6.0,1.0,0.0,,317.0,12.4,,1026.8,
2021-02-18,-2.5,-4.0,-1.0,6.9,,33.0,14.0,,1029.3,
2021-02-19,-0.7,-2.0,1.0,7.0,,12.0,13.3,,1019.9,
2021-02-20,-0.6,-3.0,1.0,0.0,,298.0,15.5,,1019.8,
2021-02-21,-0.8,-4.0,2.0,0.0,,281.0,11.5,,1031.6,
2021-02-22,1.8,0.0,4.0,11.6,,213.0,14.6,,1017.7,
2021-02-23,4.7,2.0,7.0,0.4,,257.0,17.0,,1006.0,
2021-02-24,8.1,4.0,12.0,0.0,,229.0,16.8,,1013.8,
2021-02-25,7.0,4.0,10.0,0.0,,300.0,19.6,,1018.1,
2021-02-26,4.2,1.0,7.0,0.0,,230.0,8.8,,1030.2,
2021-02-27,6.6,3.0,10.0,10.0,,195.0,14.2,,1022.5,
2021-02-28,6.3,6.0,7.0,6.1,,73.0,10.8,,1022.8,
2021-03-01,5.6,0.0,9.0,4.4,,302.0,17.7,,1006.7,
2021-03-02,-2.2,-6.0,0.0,0.0,,296.0,23.3,,1020.6,
2021-03-03,5.9,1.0,11.0,0.0,,261.0,13.1,,1012.7,
2021-03-04,3.6,-3.0,7.0,0.0,,306.0,21.1,,1010.9,
2021-03-05,-0.7,-5.0,2.0,0.0,,293.0,20.3,,1012.6,
2021-03-06,-0.1,-2.0,1.0,0.0,,302.0,15.9,,1018.4,
2021-03-07,0.8,-2.0,4.0,0.0,,315.0,12.4,,1026.7,
2021-03-08,2.0,-3.0,6.0,0.0,,296.0,10.6,,1030.1,
2021-03-09,11.1,6.0,17.0,0.0,,279.0,14.7,,1027.2,
2021-03-10,8.5,6.0,12.0,0.0,,107.0,10.7,,1032.5,
2021-03-11,14.0,7.0,22.0,0.0,,204.0,14.5,,1023.4,
2021-03-12,16.6,12.0,20.0,0.1,,273.0,18.4,,1018.7,
2021-03-13,5.9,1.0,10.0,0.0,,296.0,18.9,,1022.9,
2021-03-15,-0.7,-4.0,3.0,0.0,,331.0,20.6,,1025.8,
2021-03-16,0.5,-2.0,3.0,0.4,,91.0,8.6,,1025.8,
2021-03-17,4.9,1.0,8.6,0.0,,101.0,7.8,,1021.9,
2021-03-18,7.1,4.5,8.0,18.6,,73.0,10.9,,1014.5,
2021-03-19,2.2,-2.6,6.0,1.3,,15.0,22.5,,1022.0,
2021-03-20,6.5,-2.7,14.0,0.0,,288.0,8.0,,1034.1,
2021-03-21,11.0,6.0,17.0,0.0,,68.0,7.5,,1034.2,
2021-03-22,9.5,2.4,17.0,0.0,,76.0,7.0,,1029.9,
2021-03-23,11.2,3.3,18.0,0.0,,87.0,8.2,,1026.1,
2021-03-24,10.0,4.4,13.8,34.7,,77.0,9.1,,1021.6,
2021-03-25,13.2,9.0,19.0,1.3,,193.0,9.2,,1017.9,
2021-03-26,17.2,10.6,27.0,1.5,,183.0,15.2,,1009.4,
2021-03-27,13.1,7.9,18.1,0.0,,236.0,12.4,,1020.1,
2021-03-28,12.2,7.6,17.7,20.9,,167.0,21.4,,1008.1,
2021-03-29,8.1,3.3,11.6,0.0,,292.0,24.6,,1013.6,
2021-03-30,7.6,0.6,13.1,0.0,,149.0,15.0,,1027.9,
2021-03-31,12.0,7.1,17.4,10.6,,172.0,16.0,,1018.7,
2021-04-01,7.7,2.4,11.5,4.7,,327.0,21.6,,1010.4,
2021-04-02,0.7,-3.1,3.6,0.0,,323.0,20.5,,1021.5,
2021-04-03,3.8,-2.2,10.8,0.0,,302.0,13.2,,1025.7,
2021-04-04,9.2,4.1,16.3,0.0,,275.0,8.8,,1018.7,
2021-04-05,11.2,5.5,18.0,0.0,,313.0,20.6,,1014.7,
2021-04-06,11.0,4.5,18.5,0.0,,323.0,15.5,,1014.2,
2021-04-07,13.2,6.8,22.0,0.7,,3.0,9.2,,1016.5,
2021-04-08,14.4,10.0,21.0,0.0,,130.0,7.7,,1020.0,
2021-04-09,11.3,9.0,15.0,0.0,,113.0,8.6,,1021.9,
2021-04-10,14.7,11.0,19.0,0.7,,115.0,5.9,,1015.5,
2021-04-11,12.0,8.0,13.0,31.9,,6.0,11.4,,1004.8,
2021-04-12,8.5,7.0,11.0,12.2,,2.0,13.1,,1009.8,
2021-04-13,12.1,7.0,18.0,1.2,,7.0,8.9,,1017.5,
2021-04-14,15.2,9.0,22.0,0.3,,223.0,9.3,,1016.3,
2021-04-15,11.3,8.0,15.0,7.1,,37.0,8.0,,1007.7,
2021-04-16,7.7,5.0,11.0,2.1,,269.0,12.5,,1004.9,
2021-04-17,9.8,6.0,13.0,0.0,,296.0,9.4,,1009.0,
2021-04-18,13.1,9.0,16.0,0.7,,244.0,7.9,,1011.0,
2021-04-19,14.8,12.0,17.0,0.1,,224.0,7.7,,1011.5,
2021-04-20,17.4,12.0,24.0,0.0,,221.0,11.3,,1013.1,
2021-04-21,12.6,4.0,20.0,4.0,,200.0,12.8,,1006.6,
2021-04-22,5.3,2.0,8.0,0.0,,263.0,19.5,,1011.6,
2021-04-23,11.0,4.0,17.0,0.0,,294.0,13.6,,1015.5,
2021-04-24,16.0,11.0,22.0,0.0,,246.0,9.1,,1015.2,
2021-04-25,13.2,9.0,17.0,15.7,,347.0,8.9,,1008.3,
2021-04-26,10.7,5.0,16.0,0.0,,324.0,14.7,,1016.7,
2021-04-27,12.6,8.0,17.0,0.0,,195.0,7.4,,1018.0,
2021-04-28,18.1,11.0,28.0,0.0,,114.0,7.8,,1011.2,
2021-04-29,19.8,16.0,23.0,4.6,,223.0,11.0,,1005.3,
2021-04-30,16.7,8.0,22.0,0.9,,296.0,19.1,,999.5,
2021-05-01,12.0,6.0,18.0,0.0,,300.0,15.3,,1011.5,
2021-05-02,19.4,14.0,27.0,0.2,,254.0,11.9,,1008.5,
2021-05-03,15.9,12.0,18.0,5.2,,62.0,9.8,,1011.3,
2021-05-04,15.3,11.0,22.0,9.8,,76.0,10.3,,1008.1,
2021-05-05,12.8,11.0,16.0,11.2,,49.0,9.9,,1007.8,
2021-05-06,14.4,10.0,19.0,0.0,,316.0,11.3,,1013.9,
2021-05-07,13.8,10.0,18.0,0.0,,81.0,9.7,,1013.3,
2021-05-08,10.7,9.0,12.0,2.8,,99.0,8.2,,1012.6,
2021-05-09,10.8,8.0,17.0,6.4,,254.0,9.6,,1016.5,
2021-05-10,11.6,8.0,15.0,7.4,,334.0,9.0,,1012.7,
2021-05-11,13.9,10.0,19.0,0.0,,300.0,12.2,,1017.6,
2021-05-12,14.0,8.0,19.0,0.2,,319.0,12.4,,1021.6,
2021-05-13,15.9,11.0,21.0,0.0,,318.0,8.6,,1023.2,
2021-05-14,18.0,11.0,24.0,0.1,,296.0,8.3,,1023.5,
2021-05-15,19.5,13.0,26.0,0.2,,253.0,7.0,,1024.0,
2021-05-16,18.9,16.0,23.0,0.3,,244.0,6.4,,1024.8,
2021-05-17,19.3,14.0,26.0,0.0,,281.0,8.0,,1025.8,
2021-05-18,22.0,16.0,27.0,0.0,,272.0,8.5,,1025.8,
2021-05-19,23.8,19.0,29.0,0.0,,337.0,8.6,,1026.3,
2021-05-20,19.4,16.0,24.0,0.0,,139.0,7.8,,1032.3,
2021-05-21,19.9,15.0,26.0,0.0,,178.0,7.9,,1032.3,
2021-05-22,25.3,19.0,31.0,0.0,,290.0,8.2,,1022.1,
2021-05-23,26.3,21.0,31.0,0.1,,314.0,12.4,,1015.0,
2021-05-24,16.9,15.0,20.0,0.0,,116.0,11.7,,1025.8,
2021-05-25,18.5,14.0,23.0,0.0,,186.0,10.1,,1024.0,
2021-05-26,23.0,18.0,29.0,0.0,,212.0,10.9,,1016.4,
2021-05-27,22.7,19.0,27.0,0.4,,310.0,10.4,,1014.9,
2021-05-28,15.2,10.0,21.0,23.2,,58.0,15.3,,1017.3,
2021-05-29,9.2,8.0,10.0,30.5,,50.0,19.6,,1017.3,
2021-05-30,9.5,8.0,11.0,21.7,,35.0,12.8,,1021.6,
2021-05-31,13.9,9.0,21.0,0.0,,309.0,8.3,,1023.1,
2021-06-01,18.7,10.4,24.0,0.0,,236.0,8.1,,1024.9,
2021-06-02,19.6,17.0,23.0,0.0,,193.0,7.3,,1023.9,
2021-06-03,18.8,16.0,23.0,11.6,,163.0,7.3,,1018.1,
2021-06-04,21.0,18.0,25.0,13.5,,237.0,8.1,,1013.8,
2021-06-05,25.4,16.5,32.0,0.0,,242.0,11.1,,1014.2,
2021-06-06,28.5,24.0,33.0,0.0,,225.0,7.0,,1017.5,
2021-06-07,27.4,24.0,33.0,0.2,,196.0,7.5,,1019.0,
2021-06-08,26.2,22.0,31.0,8.1,,212.0,7.5,,1017.9,
2021-06-09,26.9,22.0,32.0,0.4,,284.0,7.1,,1016.0,
2021-06-10,24.4,19.0,28.0,0.0,,79.0,11.2,,1017.3,
2021-06-11,18.5,17.0,21.0,0.2,,85.0,9.7,,1016.2,
2021-06-12,18.7,17.0,21.0,0.1,,108.0,9.5,,1012.5,
2021-06-13,19.8,17.0,24.0,0.2,,209.0,8.8,,1014.0,
2021-06-14,20.0,18.0,22.0,10.7,,160.0,8.8,,1011.2,
2021-06-15,22.2,19.0,26.0,9.5,,297.0,8.4,,1008.5,
2021-06-16,20.8,17.0,24.0,0.0,,313.0,9.1,,1012.0,
2021-06-17,20.5,14.0,25.0,0.0,,305.0,8.1,,1015.9,
2021-06-18,23.6,17.0,28.0,0.0,,226.0,9.8,,1015.6,
2021-06-19,23.7,18.0,31.0,5.1,,249.0,10.0,,1009.6,
2021-06-20,25.0,19.0,29.0,0.7,,230.0,9.4,,1010.1,
2021-06-21,26.7,24.0,29.0,0.0,,186.0,10.0,,1006.3,
2021-06-22,20.6,16.0,25.0,14.6,,300.0,10.9,,1008.0,
2021-06-23,18.7,13.0,24.0,0.0,,310.0,8.0,,1022.2,
2021-06-24,20.2,16.0,24.0,0.0,,123.0,8.0,,1028.6,
2021-06-25,21.2,18.0,27.0,0.0,,143.0,10.3,,1026.1,
2021-06-26,24.5,21.0,28.0,1.1,,188.0,10.0,,1024.0,
2021-06-27,26.8,23.0,31.0,0.6,,197.0,9.1,,1022.2,
2021-06-28,28.8,24.0,33.0,0.0,,212.0,11.4,,1023.0,
2021-06-29,30.2,26.0,34.0,0.0,,235.0,8.9,,1022.3,
2021-06-30,30.1,23.0,36.0,0.1,,243.0,9.5,,1016.0,
2021-07-01,24.0,23.0,28.0,71.3,,266.0,7.8,,1011.8,
2021-07-02,21.8,17.0,25.0,22.5,,268.0,7.9,,1008.0,
2021-07-03,17.1,16.0,18.0,12.6,,57.0,10.8,,1010.2,
2021-07-04,20.5,16.0,26.0,1.3,,31.0,6.0,,1013.3,
2021-07-05,24.0,19.0,28.0,0.2,,122.0,8.6,,1017.7,
2021-07-06,26.1,22.0,33.0,0.4,,238.0,11.9,,1015.8,
2021-07-07,27.6,22.0,32.0,1.7,,258.0,7.3,,1014.9,
2021-07-08,25.0,23.0,29.0,0.8,,98.0,9.3,,1015.8,
2021-07-09,24.6,22.0,29.0,26.2,,327.0,10.0,,1010.8,
2021-07-10,22.3,20.0,27.0,0.3,,10.0,7.4,,1015.7,
2021-07-11,23.0,21.0,26.0,2.5,,153.0,7.9,,1019.7,
2021-07-12,25.0,22.0,29.0,13.3,,103.0,11.8,,1020.3,
2021-07-13,21.7,21.0,22.0,1.1,,69.0,9.3,,1024.1,
2021-07-14,24.6,21.0,30.0,2.6,,214.0,7.4,,1021.6,
2021-07-15,27.4,23.0,31.0,0.2,,209.0,6.3,,1019.1,
2021-07-16,28.9,26.0,32.0,0.0,,232.0,7.6,,1016.8,
2021-07-17,27.0,23.0,32.0,3.0,,165.0,6.4,,1017.4,
2021-07-18,24.7,23.0,28.0,7.1,,229.0,10.2,,1015.5,
2021-07-19,23.8,22.0,27.0,0.9,,305.0,8.5,,1015.5,
2021-07-20,26.2,23.0,30.0,0.1,,287.0,7.3,,1013.5,
2021-07-21,24.7,22.0,27.0,13.0,,290.0,8.0,,1013.0,
2021-07-22,23.3,19.0,27.0,0.0,,320.0,8.9,,1018.9,
2021-07-23,22.9,19.0,28.0,0.0,,345.0,8.5,,1020.6,
2021-07-24,23.4,19.0,27.0,0.0,,96.0,7.2,,1019.6,
2021-07-25,24.2,19.0,28.0,3.9,,194.0,9.9,,1014.0,
2021-07-26,26.8,22.0,31.0,0.0,,282.0,6.9,,1013.4,
2021-07-27,27.0,20.0,31.0,0.0,,263.0,6.9,,1014.5,
2021-07-28,23.4,21.0,27.0,0.2,,26.0,9.9,,1016.4,
2021-07-29,22.9,21.0,25.0,1.7,,176.0,8.5,,1014.2,
2021-07-30,23.7,20.0,28.0,0.3,,306.0,13.0,,1010.3,
2021-07-31,20.5,16.0,24.0,0.0,,294.0,8.3,,1015.8,
2021-08-01,21.5,19.0,24.0,1.1,,186.0,9.3,,1013.3,
2021-08-02,21.9,17.0,26.0,0.1,,314.0,8.8,,1015.2,
2021-08-03,21.9,15.9,26.0,0.0,,21.0,6.0,,1020.4,
2021-08-04,22.0,20.0,24.0,0.1,,28.0,9.4,,1020.7,
2021-08-05,23.1,21.0,27.0,0.0,,17.0,7.9,,1019.7,
2021-08-06,25.8,21.0,31.0,0.1,,207.0,7.4,,1021.2,
2021-08-07,25.7,23.0,29.0,0.0,,213.0,9.1,,1019.1,
2021-08-08,21.4,19.0,25.0,9.8,,41.0,11.3,,1019.5,
2021-08-09,23.4,21.0,26.0,2.0,,49.0,8.6,,1021.3,
2021-08-10,24.8,22.0,28.0,4.1,,157.0,7.9,,1020.8,
2021-08-11,26.4,23.0,32.0,0.0,,220.0,9.5,,1017.2,
2021-08-12,28.0,23.0,33.0,0.0,,228.0,10.1,,1016.4,
2021-08-13,29.8,26.0,34.0,0.0,,231.0,8.0,,1017.5,
2021-08-14,28.4,26.0,31.0,11.0,,281.0,7.5,,1018.7,
2021-08-15,24.3,21.0,28.0,0.0,,30.0,7.5,,1022.8,
2021-08-16,23.6,21.0,27.0,0.0,,112.0,7.8,,1023.5,
2021-08-17,24.3,23.0,27.0,0.9,,162.0,9.3,,1023.5,
2021-08-18,25.6,24.0,28.0,1.1,,148.0,9.2,,1022.7,
2021-08-19,26.5,24.0,29.0,4.8,,227.0,10.9,,1014.3,
2021-08-20,25.7,24.0,28.0,2.8,,306.0,6.7,,1013.1,
2021-08-21,25.2,23.0,27.0,1.9,,111.0,5.9,,1013.8,
2021-08-22,22.9,21.0,24.0,58.8,,303.0,10.2,,1010.6,
2021-08-23,23.9,22.0,28.0,41.6,,245.0,9.9,,1009.0,
2021-08-24,27.0,23.0,31.0,0.0,,292.0,9.0,,1014.7,
2021-08-25,27.8,23.0,32.0,0.0,,261.0,5.6,,1019.6,
2021-08-26,28.7,25.4,33.0,0.0,,240.0,7.0,,1019.9,
2021-08-27,27.5,24.0,33.0,4.0,,306.0,7.2,,1019.6,
2021-08-28,23.3,20.0,27.0,10.9,,69.0,12.9,,1024.4,
2021-08-29,22.0,19.0,24.0,1.4,,94.0,8.6,,1022.7,
2021-08-30,25.9,23.0,29.0,5.6,,232.0,7.8,,1013.4,
2021-08-31,26.0,23.0,28.0,0.0,,297.0,7.6,,1010.1,
2021-09-01,21.6,18.0,26.0,42.6,,44.0,12.8,,1007.6,
2021-09-02,20.0,17.0,24.0,25.0,,340.0,15.0,,1010.6,
2021-09-03,19.2,15.0,22.0,0.0,,317.0,8.1,,1017.6,
2021-09-04,20.8,17.0,25.0,0.0,,280.0,8.0,,1017.0,
2021-09-05,21.7,19.0,23.0,0.5,,205.0,9.7,,1012.0,
2021-09-06,23.6,21.0,27.0,0.1,,268.0,9.9,,1010.6,
2021-09-07,22.0,18.0,26.0,0.0,,266.0,9.1,,1015.1,
2021-09-08,24.4,22.0,28.0,1.6,,192.0,13.9,,1011.8,
2021-09-09,21.4,20.0,24.0,9.3,,297.0,10.1,,1009.3,
2021-09-10,20.1,17.0,23.0,0.0,,305.0,10.6,,1013.7,
2021-09-11,20.5,16.0,24.0,0.0,,251.0,8.7,,1021.8,
2021-09-12,23.5,19.0,27.0,0.0,,232.0,11.6,,1019.3,
2021-09-13,25.3,20.0,28.0,0.0,,292.0,10.4,,1017.3,
2021-09-14,22.8,20.0,26.0,0.0,,109.0,10.8,,1018.6,
2021-09-15,25.3,22.0,29.0,2.4,,194.0,14.9,,1015.9,
2021-09-16,22.9,22.0,24.0,2.6,,46.0,12.1,,1022.8,
2021-09-17,22.0,21.0,23.0,1.4,,55.0,15.7,,1023.5,
2021-09-18,24.3,19.3,29.0,0.1,,348.0,9.1,,1018.5,
2021-09-19,21.1,18.0,24.0,0.0,,6.0,12.1,,1022.0,
2021-09-20,19.9,17.0,24.0,0.0,,92.0,8.4,,1027.7,
2021-09-21,20.7,17.0,24.0,0.0,,108.0,10.6,,1027.5,
2021-09-22,23.5,22.0,26.0,1.4,,146.0,19.0,,1019.8,
2021-09-23,23.6,18.0,26.0,16.7,,164.0,19.0,,1015.0,
2021-09-24,18.2,14.0,22.0,14.3,,270.0,9.4,,1018.1,
2021-09-25,19.1,14.0,24.0,0.0,,352.0,5.6,,1016.7,
2021-09-26,18.9,17.0,22.0,0.0,,290.0,13.5,,1013.6,
2021-09-27,20.5,14.3,25.0,0.0,,239.0,16.8,,1014.5,
2021-09-28,20.0,17.0,22.0,12.3,,271.0,12.1,,1011.5,
2021-09-29,16.4,13.0,19.0,0.0,,335.0,13.0,,1016.2,
2021-09-30,16.0,13.0,18.0,0.0,,325.0,12.0,,1020.1,
2021-10-01,15.0,11.0,19.0,0.0,,316.0,8.7,,1024.1,
2021-10-02,18.5,14.0,23.0,0.0,,251.0,10.4,,1021.1,
2021-10-03,20.9,17.0,24.0,0.0,,215.0,8.6,,1015.7,
2021-10-04,19.9,17.0,23.0,10.0,,112.0,8.6,,1015.8,
2021-10-05,16.9,16.0,20.5,0.0,,54.0,9.8,,1024.4,
2021-10-06,18.1,16.0,21.0,0.0,,55.0,6.2,,1028.6,
2021-10-07,19.2,17.0,23.0,0.2,,262.0,6.5,,1025.7,
2021-10-08,19.7,17.0,23.0,0.0,,93.0,7.2,,1021.9,
2021-10-09,17.6,16.0,19.0,0.7,,60.0,13.5,,1024.3,
2021-10-10,17.2,16.0,19.0,4.8,,61.0,15.9,,1022.3,
2021-10-11,18.5,17.0,21.0,0.0,,56.0,12.5,,1019.5,
2021-10-12,18.2,16.0,21.0,0.0,,88.0,8.0,,1020.2,
2021-10-13,18.9,17.0,21.0,0.2,,218.0,6.5,,1017.5,
2021-10-14,20.2,17.0,24.0,0.0,,316.0,7.6,,1014.7,
2021-10-15,21.0,17.0,26.0,0.0,,206.0,7.9,,1013.9,
2021-10-16,20.2,14.0,24.0,10.4,,208.0,9.5,,1008.2,
2021-10-17,13.3,12.0,16.0,0.3,,288.0,10.5,,1010.2,
2021-10-18,11.4,9.0,14.0,0.1,,284.0,11.5,,1012.7,
2021-10-19,13.3,8.0,19.0,0.0,,270.0,11.2,,1015.9,
2021-10-20,18.6,14.0,23.0,0.0,,269.0,11.1,,1016.7,
2021-10-21,19.1,16.0,23.0,0.0,,211.0,9.4,,1015.3,
2021-10-22,17.5,14.0,20.0,1.0,,274.0,10.1,,1012.4,
2021-10-23,12.4,9.0,14.0,0.4,,335.0,7.5,,1015.8,
2021-10-24,11.9,9.0,15.0,0.1,,244.0,8.5,,1021.3,
2021-10-25,18.2,13.0,22.0,5.4,,158.0,8.0,,1013.9,
2021-10-26,14.9,13.0,17.0,65.2,,43.0,12.6,,998.3,
2021-10-27,13.8,12.0,16.0,9.3,,4.0,13.6,,1005.5,
2021-10-28,11.6,9.0,14.0,0.0,,58.0,9.4,,1014.9,
2021-10-29,11.6,8.0,13.0,15.0,,74.0,13.3,,1011.5,
2021-10-30,14.6,12.0,18.0,7.4,,88.0,9.8,,1003.8,
2021-10-31,14.6,13.0,17.0,1.2,,267.0,9.3,,1003.3,
2021-11-01,12.5,11.0,14.0,0.0,,274.0,9.8,,1017.8,
2021-11-02,10.0,8.0,11.0,0.2,,286.0,8.4,,1023.0,
2021-11-03,7.5,5.0,11.0,0.0,,302.0,8.7,,1024.9,
2021-11-04,6.9,4.0,10.0,0.0,,25.0,7.2,,1027.3,
2021-11-05,7.0,4.0,10.0,0.0,,16.0,8.3,,1028.2,
2021-11-06,7.8,5.0,11.0,0.0,,60.0,6.0,,1029.4,
2021-11-07,8.5,5.0,12.0,0.0,,6.0,6.7,,1022.8,
2021-11-08,12.5,8.0,17.0,0.0,,352.0,8.2,,1020.6,
2021-11-09,14.8,10.0,20.0,0.0,,276.0,7.6,,1019.1,
2021-11-10,14.4,10.0,17.0,0.1,,304.0,8.5,,1019.8,
2021-11-11,12.0,8.0,16.0,0.6,,74.0,8.4,,1025.5,
2021-11-12,15.8,11.0,18.0,17.1,,205.0,11.3,,1015.0,
2021-11-13,10.1,5.0,17.0,9.4,,202.0,13.1,,1010.0,
2021-11-14,6.2,3.0,8.0,0.9,,232.0,9.7,,1012.8,
2021-11-15,6.1,4.0,8.0,0.2,,264.0,11.1,,1011.1,
2021-11-16,5.9,3.0,9.0,0.0,,271.0,10.9,,1021.1,
2021-11-17,9.8,4.0,14.0,0.0,,162.0,7.3,,1024.8,
2021-11-18,15.2,8.0,21.0,1.1,,228.0,10.5,,1016.7,
2021-11-19,6.5,4.0,9.0,3.3,,292.0,13.6,,1025.2,
2021-11-20,5.6,2.0,8.0,0.0,,220.0,7.9,,1033.6,
2021-11-21,10.2,7.0,13.0,0.5,,208.0,8.2,,1024.1,
2021-11-22,7.9,2.0,12.0,1.1,,286.0,11.1,,1012.6,
2021-11-23,2.3,0.0,6.0,0.0,,309.0,15.2,,1017.5,
2021-11-24,3.3,-1.0,7.0,0.0,,296.0,10.8,,1026.1,
2021-11-25,8.9,4.0,13.0,0.0,,240.0,8.1,,1016.8,
2021-11-26,6.1,3.0,8.0,6.1,,266.0,15.2,,1005.0,
2021-11-27,2.4,1.0,3.0,0.0,,290.0,13.2,,1011.8,
2021-11-28,2.9,1.0,5.0,1.7,,325.0,5.7,,1012.4,
2021-11-29,3.3,1.0,6.0,0.0,,305.0,10.3,,1013.4,
2021-11-30,2.8,-1.0,5.0,0.4,,243.0,9.1,,1016.1,
2021-12-01,7.0,4.0,9.0,0.0,,241.0,8.0,,1020.3,
2021-12-02,11.6,7.0,14.0,4.8,,211.0,10.8,,1008.3,
2021-12-03,6.2,3.0,8.0,0.0,,297.0,13.5,,1014.3,
2021-12-04,5.8,3.0,9.0,0.0,,244.0,7.0,,1020.3,
2021-12-05,6.6,4.0,9.0,0.0,,315.0,7.2,,1027.6,
2021-12-06,11.5,7.0,16.0,6.0,,186.0,10.5,,1011.3,
2021-12-07,3.8,3.0,5.0,0.0,,275.0,9.9,,1021.0,
2021-12-08,3.3,1.0,5.0,1.2,,7.0,8.3,,1016.8,
2021-12-09,2.0,0.0,4.0,0.0,,279.0,9.6,,1022.6,
2021-12-10,7.1,4.0,9.0,0.0,,193.0,7.5,,1021.7,
2021-12-11,13.5,7.0,19.0,18.4,,169.0,10.2,,1008.5,
2021-12-12,7.5,6.0,11.0,0.0,,275.0,13.5,,1019.6,
2021-12-13,7.8,4.0,11.0,0.0,,241.0,12.9,,1024.8,
2021-12-14,8.5,3.2,12.0,0.0,,345.0,9.4,,1032.7,
2021-12-15,8.9,4.0,13.0,0.3,,109.0,9.1,,1034.4,
2021-12-16,14.4,12.0,17.0,0.0,,230.0,13.4,,1018.2,
2021-12-17,13.2,9.0,15.0,0.2,,268.0,11.4,,1018.6,
2021-12-18,6.3,4.0,9.0,2.4,,45.0,7.7,,1018.3,
2021-12-19,2.9,-2.0,7.0,0.7,,320.0,11.7,,1018.3,
2021-12-20,-0.3,-4.0,2.0,0.0,,269.0,9.2,,1026.5,
2021-12-21,3.1,0.0,6.0,0.1,,230.0,7.7,,1018.1,
2021-12-22,4.3,1.0,8.0,7.5,,309.0,11.8,,1006.3,
2021-12-23,0.7,-1.0,2.0,0.1,,288.0,8.8,,1021.0,
2021-12-24,1.7,-1.0,4.0,1.1,,75.0,7.3,,1018.5,
2021-12-25,6.3,3.0,11.0,9.6,,299.0,7.8,,1003.5,
2021-12-26,7.3,4.0,11.0,0.0,,302.0,17.0,,1012.7,
2021-12-27,2.4,1.0,4.0,8.1,,34.0,8.4,,1017.3,
2021-12-28,5.7,3.0,8.0,1.1,,292.0,8.4,,1011.5,
2021-12-29,5.7,5.0,7.0,6.6,,55.0,10.0,,1013.5,
2021-12-30,7.9,6.0,9.0,1.5,,41.0,6.3,,1014.7,
2021-12-31,10.5,9.0,12.0,1.1,,233.0,7.2,,1014.6,
2022-01-01,11.6,10.0,13.0,21.5,,147.0,7.9,,1008.9,
2022-01-02,9.8,3.0,14.0,6.5,,301.0,11.7,,1006.0,
2022-01-03,-1.7,-6.0,3.0,1.5,,360.0,15.8,,1020.3,
2022-01-04,-2.7,-7.0,1.0,0.0,,261.0,10.7,,1028.5,
2022-01-05,4.4,0.0,8.0,1.9,,223.0,9.8,,1014.0,
2022-01-06,2.9,1.0,4.0,0.0,,279.0,11.6,,1012.3,
2022-01-07,-1.4,-3.0,1.0,9.0,,309.0,14.2,,1013.4,
2022-01-08,-3.6,-7.0,-1.0,0.0,,275.0,10.8,,1033.8,
2022-01-09,2.1,-2.0,4.0,3.5,,226.0,13.4,,1022.8,
2022-01-10,-1.4,-4.0,4.0,0.0,,285.0,14.9,,1020.0,
2022-01-11,-7.8,-9.0,-6.0,0.0,,318.0,13.6,,1032.2,
2022-01-12,-0.1,-6.0,4.0,0.0,,226.0,10.4,,1022.8,
2022-01-13,4.5,2.0,9.0,0.0,,27.0,7.1,,1015.7,
2022-01-14,2.4,-6.0,6.0,0.0,,11.0,13.3,,1010.9,
2022-01-15,-9.2,-12.0,-7.0,0.0,,355.0,11.8,,1025.3,
2022-01-16,-5.9,-12.0,3.0,4.6,,46.0,13.6,,1024.3,
2022-01-17,3.2,1.0,7.0,24.5,,230.0,17.5,,990.4,
2022-01-18,0.3,-1.0,2.0,0.0,,296.0,15.0,,1012.6,
2022-01-19,4.8,-2.0,9.0,0.0,,207.0,11.9,,1018.1,
2022-01-20,1.3,-5.0,7.0,7.1,,317.0,12.2,,1021.7,
2022-01-21,-7.9,-12.1,-6.0,0.0,,7.0,14.0,,1034.0,
2022-01-22,-5.5,-10.0,-2.0,0.0,,4.0,10.5,,1027.0,
2022-01-23,-1.1,-4.0,2.0,0.1,,252.0,9.7,,1013.0,
2022-01-24,-0.5,-3.0,2.0,0.2,,331.0,7.4,,1012.3,
2022-01-25,2.5,-2.0,6.0,0.0,,269.0,9.9,,1015.5,
2022-01-26,-4.6,-7.0,-3.0,0.0,,329.0,12.4,,1028.0,
2022-01-27,-3.6,-8.0,-1.0,0.0,,153.0,8.8,,1029.1,
2022-01-28,-0.9,-2.0,0.0,2.2,,315.0,9.7,,1019.8,
2022-01-29,-7.6,-11.0,-3.0,15.8,,331.0,20.0,,1007.1,
2022-01-30,-7.3,-11.0,-3.0,0.0,,279.0,12.0,,1016.7,
2022-01-31,-4.1,-16.5,-1.0,0.0,,41.0,8.3,,1028.0,
2022-02-01,-0.9,-5.0,2.0,0.0,,46.0,8.5,,1034.5,
2022-02-02,4.1,0.0,8.0,0.0,,86.0,7.3,,1030.7,
2022-02-03,7.8,6.0,11.0,12.8,,182.0,8.0,,1023.1,
2022-02-04,3.5,-3.0,13.0,23.3,,356.0,11.7,,1013.7,
2022-02-05,-4.8,-7.0,-3.0,0.1,,315.0,14.0,,1025.7,
2022-02-06,-4.5,-8.0,-1.0,0.0,,74.0,8.3,,1036.0,
2022-02-07,1.2,-1.0,3.0,4.6,,20.0,8.4,,1024.9,
2022-02-08,2.9,0.0,7.0,0.5,,296.0,11.7,,1014.8,
2022-02-09,3.0,-1.0,8.0,0.0,,202.0,8.4,,1017.6,
2022-02-10,7.4,3.0,12.0,0.0,,246.0,11.8,,1012.5,
2022-02-11,9.5,4.0,14.0,0.0,,196.0,9.7,,1014.8,
2022-02-12,11.3,6.0,14.0,0.0,,258.0,13.5,,1015.1,
2022-02-13,-0.7,-4.0,5.0,5.8,,11.0,10.8,,1020.1,
2022-02-14,-6.4,-9.0,-4.0,0.0,,308.0,14.3,,1022.5,
2022-02-15,-4.6,-9.0,-1.0,0.0,,267.0,8.7,,1037.4,
2022-02-16,3.6,-2.0,9.0,0.0,,186.0,10.3,,1036.7,
2022-02-17,14.5,10.0,20.0,2.2,,197.0,13.7,,1018.6,
2022-02-18,6.4,-3.0,17.0,9.6,,283.0,15.8,,1008.3,
2022-02-19,-0.6,-4.0,4.0,0.2,,249.0,15.3,,1017.5,
2022-02-20,-1.9,-6.0,2.0,0.0,,245.0,12.8,,1029.7,
2022-02-21,5.6,1.0,12.0,0.0,,194.0,7.9,,1027.5,
2022-02-22,8.9,3.0,16.0,7.5,,119.0,11.0,,1022.8,
2022-02-23,13.7,2.0,20.0,0.0,,256.0,14.3,,1016.9,
2022-02-24,-0.2,-2.0,1.0,0.1,,29.0,12.7,,1031.2,
2022-02-25,0.2,-3.0,5.0,23.3,,353.0,13.9,,1021.1,
2022-02-26,-1.2,-4.0,2.0,0.0,,300.0,12.3,,1028.8,
2022-02-27,2.8,-2.0,8.0,0.0,,260.0,15.6,,1016.8,
2022-02-28,-0.5,-3.0,2.0,0.0,,330.0,10.7,,1024.5,
2022-03-01,4.7,0.0,9.0,0.5,,167.0,9.6,,1020.6,
2022-03-02,7.5,4.0,11.0,0.0,,264.0,9.6,,1015.3,
2022-03-03,3.3,-4.0,8.0,2.4,,299.0,15.7,,1019.2,
2022-03-04,-1.6,-6.0,2.0,0.0,,275.0,10.0,,1033.0,
2022-03-05,4.1,1.0,7.0,0.0,,184.0,8.1,,1032.0,
2022-03-06,13.6,6.0,20.0,3.3,,220.0,12.3,,1017.4,
2022-03-07,19.0,11.0,23.0,4.7,,231.0,13.4,,1007.3,
2022-03-08,5.9,4.0,8.0,0.0,,318.0,14.7,,1018.6,
2022-03-09,2.5,1.0,5.0,16.0,,63.0,9.9,,1018.0,
2022-03-10,4.8,1.0,9.0,0.0,,202.0,6.5,,1021.5,
2022-03-11,7.8,5.0,12.0,0.0,,183.0,9.8,,1017.4,
2022-03-12,2.0,-4.0,8.0,13.3,,294.0,16.5,,999.2,
2022-03-14,7.2,1.0,13.0,0.0,,225.0,10.0,,1028.3,
2022-03-15,12.6,8.0,19.0,0.9,,222.0,9.5,,1023.4,
2022-03-16,13.1,6.4,18.0,0.3,,228.0,9.0,,1022.5,
2022-03-17,9.6,7.0,12.0,1.9,,46.0,10.8,,1017.3,
2022-03-18,14.4,10.0,22.0,0.0,,220.0,9.0,,1016.1,
2022-03-19,14.8,9.0,21.0,6.0,,155.0,9.6,,1010.3,
2022-03-20,12.4,8.0,15.0,0.2,,271.0,13.5,,1009.7,
2022-03-21,11.4,7.0,17.0,0.0,,294.0,13.7,,1018.0,
2022-03-22,10.4,7.0,14.0,0.0,,306.0,12.1,,1021.9,
2022-03-23,6.2,4.0,9.0,2.7,,73.0,11.8,,1023.8,
2022-03-24,5.9,3.0,8.0,29.7,,61.0,18.2,,1013.7,
2022-03-25,10.4,7.0,15.0,2.7,,278.0,10.4,,1003.5,
2022-03-26,9.4,6.0,11.0,3.1,,261.0,11.3,,999.2,
2022-03-27,4.1,-1.0,7.0,0.5,,280.0,16.3,,1004.6,
2022-03-28,-2.9,-5.0,-1.0,0.3,,290.0,20.5,,1013.6,
2022-03-29,-0.7,-4.0,2.0,0.0,,299.0,17.7,,1020.8,
2022-03-30,3.2,-2.0,8.0,0.0,,255.0,8.3,,1022.2,
2022-03-31,13.7,7.0,19.0,1.4,,159.0,10.1,,1006.1,
2022-04-01,11.3,7.0,16.0,1.9,,274.0,14.1,,1003.8,
2022-04-02,7.1,3.0,12.0,0.0,,272.0,11.7,,1017.1,
2022-04-03,7.0,5.0,8.0,3.9,,183.0,8.5,,1010.9,
2022-04-04,8.0,2.8,12.0,0.0,,296.0,11.6,,1015.2,
2022-04-05,9.8,8.0,13.0,0.2,,122.0,7.6,,1017.8,
2022-04-06,8.9,7.0,12.0,18.1,,63.0,18.5,,1011.2,
2022-04-07,9.6,6.0,12.0,80.6,,93.0,13.1,,1008.0,
2022-04-08,13.1,9.0,17.0,26.5,,244.0,11.0,,1003.1,
2022-04-09,10.5,9.0,12.0,6.1,,264.0,10.5,,1004.3,
2022-04-10,7.9,6.0,9.0,0.0,,300.0,15.7,,1009.7,
2022-04-11,9.8,4.0,16.0,0.1,,249.0,9.9,,1019.0,
2022-04-12,15.6,10.0,22.0,1.9,,273.0,9.6,,1017.1,
2022-04-13,16.9,13.0,21.0,0.0,,108.0,8.7,,1016.1,
2022-04-14,19.3,14.0,26.0,0.3,,351.0,10.9,,1009.4,
2022-04-15,15.5,11.0,21.0,0.0,,246.0,10.2,,1019.3,
2022-04-16,14.7,7.0,22.0,5.2,,212.0,12.1,,1014.1,
2022-04-17,7.5,5.0,10.0,0.4,,310.0,13.2,,1020.9,
2022-04-18,7.4,4.0,12.0,5.4,,64.0,13.0,,1024.7,
2022-04-19,7.0,4.0,9.0,22.2,,273.0,20.6,,1007.8,
2022-04-20,10.2,6.0,15.0,0.0,,289.0,11.8,,1026.8,
2022-04-21,11.1,7.0,15.0,2.5,,146.0,10.7,,1031.1,
2022-04-22,16.1,12.0,21.0,0.0,,296.0,10.9,,1028.4,
2022-04-23,13.8,11.0,18.0,0.0,,91.0,8.7,,1028.3,
2022-04-24,12.9,9.0,16.0,0.0,,97.0,11.0,,1024.8,
2022-04-25,11.4,8.0,14.0,0.0,,102.0,9.4,,1024.6,
2022-04-26,13.0,11.0,15.0,2.3,,67.0,7.1,,1018.3,
2022-04-27,10.0,6.0,14.0,0.1,,298.0,17.4,,1015.3,
2022-04-28,8.6,4.0,14.0,0.0,,312.0,17.0,,1017.0,
2022-04-29,10.9,5.0,17.0,0.0,,307.0,13.5,,1019.2,
2022-04-30,12.9,7.0,19.0,0.0,,336.0,8.2,,1020.1,
2022-05-01,14.1,9.0,20.0,0.7,,119.0,8.7,,1020.0,
2022-05-02,12.1,11.0,13.0,4.1,,68.0,8.4,,1018.5,
2022-05-03,13.1,11.0,17.0,0.0,,61.0,10.7,,1021.5,
2022-05-04,13.5,10.0,18.0,3.1,,44.0,7.6,,1016.4,
2022-05-05,17.6,13.0,23.0,0.0,,17.0,8.8,,1018.4,
2022-05-06,13.0,10.0,16.0,22.1,,83.0,6.3,,1014.1,
2022-05-07,8.8,7.8,10.0,19.0,,59.0,18.2,,1011.3,
2022-05-08,10.8,7.2,14.4,3.8,,54.0,18.0,,1019.0,
2022-05-09,14.2,8.0,20.6,0.0,,48.0,18.2,,1023.4,
2022-05-10,16.1,11.0,22.2,0.0,,60.0,16.5,,1026.8,
2022-05-11,17.0,12.0,23.3,0.0,,48.0,9.7,,1025.0,
2022-05-12,18.2,14.4,23.3,0.0,,58.0,8.0,,1025.8,
2022-05-13,17.3,14.4,21.7,1.1,,68.0,9.2,,1024.8,
2022-05-14,17.9,16.0,22.0,5.5,,104.0,5.5,,1018.8,
2022-05-15,19.0,15.6,24.0,0.4,,234.0,5.3,,1012.0,
2022-05-16,20.5,16.7,23.0,3.3,,231.0,7.9,,1005.1,
2022-05-17,18.7,13.9,24.0,0.1,,283.0,14.8,,1008.3,
2022-05-18,17.5,13.0,22.0,0.0,,284.0,8.9,,1014.0,
2022-05-19,14.9,12.0,18.9,14.6,,133.0,5.6,,1009.2,
2022-05-20,16.4,13.0,21.0,1.8,,92.0,6.7,,1014.1,
2022-05-21,23.8,16.7,31.7,0.0,,15.0,4.6,,1015.9,
2022-05-22,26.9,23.9,31.1,9.2,,255.0,6.9,,1015.5,
2022-05-23,19.7,16.1,22.2,0.0,,0.0,11.4,,1021.5,
2022-05-24,16.7,13.8,19.4,0.0,,75.0,8.4,,1025.6,
2022-05-25,15.6,11.7,20.6,0.0,,97.0,7.8,,1028.3,
2022-05-26,16.8,12.2,20.6,0.4,,136.0,8.2,,1024.4,
2022-05-27,20.5,18.0,26.7,4.1,,146.0,6.6,,1013.2,
2022-05-28,19.7,17.8,22.2,18.4,,257.0,7.2,,1008.0,
2022-05-29,20.1,15.6,25.0,0.0,,350.0,4.6,,1017.4,
2022-05-30,23.7,17.8,28.9,0.0,,243.0,5.4,,1018.5,
2022-05-31,27.8,19.4,33.0,0.0,,287.0,8.3,,1014.3,
2022-06-01,17.3,15.6,21.7,2.2,,78.0,10.9,,1014.3,
2022-06-02,20.0,16.3,25.6,7.6,,345.0,5.8,,1007.9,
2022-06-03,20.4,17.0,24.0,1.0,,27.0,7.0,,1008.2,
2022-06-04,21.4,16.0,27.0,0.0,,328.0,4.1,,1011.5,
2022-06-05,19.6,14.0,24.4,0.0,,8.0,6.6,,1015.5,
2022-06-06,21.6,17.8,26.7,0.0,,236.0,6.6,,1017.2,
2022-06-07,20.6,17.2,25.0,2.8,,187.0,12.9,,1016.9,
2022-06-08,23.4,18.9,27.2,2.9,,260.0,9.8,,1011.5,
2022-06-09,23.0,19.4,27.0,4.8,,264.0,13.0,,1004.8,
2022-06-10,21.3,17.2,24.4,0.0,,281.0,9.3,,1010.6,
2022-06-11,21.2,19.4,22.8,0.0,,11.0,5.8,,1013.3,
2022-06-12,19.7,17.8,22.2,7.0,,190.0,7.5,,1014.8,
2022-06-13,24.8,20.0,29.4,0.3,,303.0,4.9,,1012.7,
2022-06-14,23.6,20.0,27.0,0.0,,29.0,7.0,,1013.3,
2022-06-15,22.3,19.4,27.2,0.0,,74.0,7.8,,1018.8,
2022-06-16,19.4,16.7,21.0,3.7,,165.0,6.8,,1019.8,
2022-06-17,25.6,20.6,31.1,0.0,,265.0,11.1,,1006.4,
2022-06-18,19.0,16.0,23.9,0.0,,303.0,14.5,,1007.1,
2022-06-19,17.5,12.0,22.8,0.0,,324.0,14.1,,1014.5,
2022-06-20,20.2,14.0,25.0,0.0,,307.0,6.9,,1019.6,
2022-06-21,20.8,17.0,26.1,2.2,,11.0,4.2,,1019.8,
2022-06-22,18.2,17.0,19.4,11.3,,119.0,8.7,,1017.3,
2022-06-23,19.1,16.1,22.0,0.7,,99.0,7.3,,1015.6,
2022-06-24,21.9,17.0,27.2,0.0,,259.0,5.7,,1016.7,
2022-06-25,26.2,20.6,32.2,0.0,,302.0,4.7,,1018.8,
2022-06-26,26.4,23.0,31.1,0.0,,213.0,6.0,,1018.2,
2022-06-27,22.7,21.1,24.0,8.9,,257.0,5.6,,1014.8,
2022-06-28,21.8,18.9,25.0,0.0,,353.0,5.1,,1020.6,
2022-06-29,23.3,18.9,28.3,0.0,,272.0,4.2,,1022.8,
2022-06-30,25.1,19.9,30.0,0.0,,303.0,5.6,,1021.4,
2022-07-01,27.4,22.8,32.0,0.0,,224.0,7.5,,1016.8,
2022-07-02,27.2,23.0,30.0,1.0,,247.0,8.4,,1012.8,
2022-07-03,26.7,24.0,30.0,0.0,,350.0,6.6,,1016.1,
2022-07-04,24.7,18.0,29.4,0.0,,337.0,5.1,,1020.3,
2022-07-05,24.4,21.0,30.0,0.4,,206.0,8.0,,1015.9,
2022-07-06,25.9,21.7,30.7,0.0,,299.0,9.3,,1010.7,
2022-07-07,24.3,21.1,28.9,0.0,,90.0,8.6,,1015.8,
2022-07-08,22.8,20.0,27.8,0.4,,229.0,3.8,,1015.9,
2022-07-09,24.9,21.7,29.0,0.0,,14.0,5.7,,1016.8,
2022-07-10,23.0,20.0,27.8,0.0,,81.0,10.3,,1017.9,
2022-07-11,23.5,19.0,28.3,0.0,,207.0,8.1,,1014.1,
2022-07-12,26.6,21.1,32.0,22.2,,220.0,10.0,,1008.1,
2022-07-13,27.6,23.9,32.2,0.0,,290.0,6.6,,1011.5,
2022-07-14,27.2,22.8,32.0,0.0,,346.0,6.7,,1014.7,
2022-07-15,25.4,22.8,29.4,0.0,,79.0,6.9,,1020.3,
2022-07-16,23.9,19.0,29.0,2.6,,64.0,6.1,,1019.1,
2022-07-17,25.0,22.0,27.8,1.1,,276.0,6.2,,1016.6,
2022-07-18,24.9,21.7,26.7,10.6,,33.0,5.2,,1012.2,
2022-07-19,27.5,22.8,32.0,0.0,,277.0,8.9,,1008.2,
2022-07-20,29.7,25.6,33.9,0.0,,251.0,6.4,,1007.7,
2022-07-21,28.9,24.0,33.0,9.9,,226.0,7.9,,1005.0,
2022-07-22,29.0,26.1,33.9,0.0,,270.0,5.4,,1011.4,
2022-07-23,29.3,25.6,34.4,0.0,,272.0,7.2,,1016.0,
2022-07-24,30.3,25.1,36.4,0.0,,225.0,9.8,,1015.7,
2022-07-25,27.8,23.3,31.3,1.1,,227.0,12.2,,1012.0,
2022-07-26,24.6,22.0,28.7,0.0,,306.0,8.8,,1015.5,
2022-07-27,25.1,21.0,28.3,0.0,,296.0,6.4,,1013.8,
2022-07-28,27.0,23.3,30.0,3.0,,228.0,7.1,,1010.7,
2022-07-29,26.2,22.8,30.0,0.0,,260.0,7.6,,1012.4,
2022-07-30,26.5,23.3,30.0,0.0,,319.0,8.4,,1016.7,
2022-07-31,25.5,21.7,30.0,0.0,,55.0,4.7,,1020.7,
2022-08-01,21.8,20.0,25.0,1.5,,23.0,5.3,,1014.9,
2022-08-02,26.9,22.0,32.0,0.4,,258.0,6.7,,1010.3,
2022-08-03,26.7,22.0,32.0,0.0,,298.0,7.4,,1015.4,
2022-08-04,28.2,21.7,33.3,0.0,,228.0,7.8,,1017.3,
2022-08-05,28.1,25.6,32.0,0.0,,245.0,6.1,,1020.1,
2022-08-06,28.6,25.0,32.2,1.5,,219.0,8.0,,1022.3,
2022-08-07,28.8,25.6,32.8,0.2,,227.0,9.7,,1020.6,
2022-08-08,29.5,26.0,34.0,0.0,,225.0,10.7,,1015.8,
2022-08-09,30.0,26.1,36.8,11.3,,256.0,10.7,,1013.2,
2022-08-10,26.7,23.9,30.6,0.0,,3.0,6.4,,1016.4,
2022-08-11,26.6,22.8,31.7,6.3,,357.0,5.4,,1012.6,
2022-08-12,25.3,21.7,29.4,0.0,,13.0,9.3,,1015.6,
2022-08-13,22.4,18.9,26.0,0.0,,15.0,8.3,,1019.1,
2022-08-14,23.0,18.9,27.2,0.0,,211.0,7.2,,1017.9,
2022-08-15,23.5,20.0,28.0,0.0,,111.0,6.3,,1016.2,
2022-08-16,23.2,18.9,28.3,0.0,,66.0,10.4,,1016.5,
2022-08-17,22.5,17.0,26.7,0.0,,14.0,5.5,,1015.7,
2022-08-18,23.4,17.8,29.4,0.0,,295.0,7.1,,1013.0,
2022-08-19,25.8,21.0,32.2,0.0,,233.0,7.2,,1017.7,
2022-08-20,26.9,24.0,31.7,0.0,,206.0,5.5,,1020.8,
2022-08-21,24.7,22.0,27.2,0.0,,123.0,6.1,,1019.6,
2022-08-22,23.9,22.8,26.0,15.5,,128.0,6.4,,1013.6,
2022-08-23,25.1,22.0,29.4,4.8,,294.0,6.0,,1010.1,
2022-08-24,26.6,21.7,32.0,0.0,,301.0,7.3,,1014.5,
2022-08-25,27.0,22.0,32.2,0.0,,293.0,5.7,,1017.1,
2022-08-26,26.7,24.0,29.4,4.1,,228.0,6.3,,1014.0,
2022-08-27,26.7,21.1,32.0,0.0,,5.0,7.0,,1016.1,
2022-08-28,24.6,23.0,27.2,0.4,,96.0,10.0,,1021.2,
2022-08-29,25.8,23.9,29.4,0.0,,182.0,6.3,,1019.5,
2022-08-30,26.0,22.3,31.0,1.2,,198.0,8.6,,1012.4,
2022-08-31,24.7,20.6,29.4,1.7,,291.0,9.7,,1009.4,
2022-09-01,24.8,20.6,30.0,0.0,,302.0,7.2,,1013.9,
2022-09-02,21.1,17.2,26.1,0.0,,71.0,8.2,,1023.8,
2022-09-03,22.3,18.3,27.2,0.0,,104.0,5.3,,1024.4,
2022-09-04,25.6,22.0,31.7,1.3,,250.0,5.6,,1019.8,
2022-09-05,25.2,22.8,30.6,4.0,,42.0,4.8,,1018.5,
2022-09-06,21.5,19.0,23.0,20.0,,62.0,6.9,,1016.5,
2022-09-07,20.2,18.3,22.2,0.2,,49.0,10.8,,1015.9,
2022-09-08,21.2,18.0,26.0,0.0,,36.0,7.9,,1013.6,
2022-09-09,21.3,17.0,26.7,0.0,,57.0,7.9,,1018.3,
2022-09-10,23.1,18.0,30.0,0.0,,255.0,5.2,,1023.3,
2022-09-11,21.6,19.0,24.0,7.9,,355.0,4.7,,1020.3,
2022-09-12,23.0,20.0,27.2,2.2,,357.0,4.3,,1011.3,
2022-09-13,23.8,21.1,28.0,8.2,,300.0,7.2,,1008.1,
2022-09-14,22.1,17.2,26.1,0.0,,281.0,8.8,,1014.1,
2022-09-15,20.4,17.8,23.3,0.0,,327.0,10.3,,1020.6,
2022-09-16,18.9,13.9,24.0,0.0,,345.0,4.4,,1022.3,
2022-09-17,20.5,18.0,23.3,0.0,,87.0,8.1,,1024.0,
2022-09-18,23.6,20.0,28.3,0.0,,235.0,9.1,,1017.9,
2022-09-19,23.7,20.6,29.4,2.6,,256.0,7.0,,1012.9,
2022-09-20,22.2,19.4,25.6,0.0,,307.0,7.6,,1012.4,
2022-09-21,21.5,17.0,26.7,0.0,,305.0,6.0,,1013.2,
2022-09-22,19.8,14.4,23.0,11.6,,263.0,12.3,,1004.8,
2022-09-23,13.2,10.6,16.7,0.0,,309.0,16.7,,1013.3,
2022-09-24,15.0,9.4,21.0,0.0,,288.0,8.3,,1015.2,
2022-09-25,17.9,15.0,22.2,0.4,,213.0,7.0,,1007.2,
2022-09-26,18.8,14.4,22.8,0.0,,237.0,10.9,,1005.9,
2022-09-27,17.6,15.6,20.0,0.0,,274.0,7.3,,1011.4,
2022-09-28,16.4,12.0,21.0,0.0,,300.0,7.2,,1019.5,
2022-09-29,15.4,12.0,19.0,0.0,,16.0,9.9,,1027.2,
2022-09-30,14.3,11.7,16.1,0.0,,53.0,11.2,,1025.3,
2022-10-01,13.9,10.6,16.1,22.6,,49.0,15.6,,1017.4,
2022-10-02,14.0,11.0,16.0,1.1,,51.0,19.7,,1018.9,
2022-10-03,10.0,8.9,11.1,8.9,,47.0,17.1,,1022.6,
2022-10-04,10.5,7.8,13.0,65.0,,37.0,15.5,,1015.7,
2022-10-05,13.4,12.0,15.0,15.3,,17.0,10.0,,1013.4,
2022-10-06,17.4,11.7,22.8,0.0,,314.0,5.3,,1014.5,
2022-10-07,19.1,15.6,24.4,0.2,,279.0,7.7,,1014.8,
2022-10-08,11.7,8.9,14.4,0.0,,310.0,8.7,,1020.7,
2022-10-09,12.0,7.2,16.1,0.0,,271.0,7.2,,1020.8,
2022-10-10,15.3,11.7,19.4,0.0,,275.0,6.2,,1022.4,
2022-10-11,15.7,10.6,20.6,0.0,,287.0,5.1,,1025.5,
2022-10-12,17.0,14.0,20.6,0.0,,205.0,7.9,,1022.5,
2022-10-13,18.2,13.0,20.0,21.2,,166.0,9.4,,1011.9,
2022-10-14,14.7,11.7,19.0,11.9,,323.0,6.5,,1012.5,
2022-10-15,15.2,10.0,20.0,0.0,,174.0,5.0,,1016.2,
2022-10-16,15.0,11.7,18.0,0.0,,316.0,5.0,,1013.8,
2022-10-17,15.3,12.8,19.0,9.1,,216.0,7.8,,1005.9,
2022-10-18,10.6,8.0,13.0,0.5,,279.0,8.9,,1004.7,
2022-10-19,8.9,5.6,12.0,0.0,,245.0,9.7,,1010.4,
2022-10-20,10.5,6.7,14.0,0.0,,227.0,9.1,,1015.3,
2022-10-21,12.3,7.8,16.7,0.0,,257.0,4.4,,1020.0,
2022-10-22,14.0,10.0,18.3,0.0,,226.0,5.4,,1024.7,
2022-10-23,14.1,12.7,16.1,15.2,,40.0,11.3,,1024.8,
2022-10-24,14.3,12.8,16.0,18.7,,55.0,12.4,,1021.8,
2022-10-25,18.2,16.1,21.1,0.5,,85.0,6.4,,1018.7,
2022-10-26,18.9,15.6,22.2,0.0,,58.0,6.3,,1010.5,
2022-10-27,15.2,12.2,18.3,0.0,,344.0,10.4,,1019.6,
2022-10-28,10.3,7.0,13.3,0.0,,44.0,9.6,,1032.5,
2022-10-29,10.3,6.1,14.4,0.0,,23.0,5.6,,1030.9,
2022-10-30,11.7,6.7,16.7,0.0,,4.0,2.6,,1023.8,
2022-10-31,14.5,11.0,17.8,2.4,,302.0,4.0,,1018.1,
2022-11-01,16.8,15.0,19.4,3.8,,282.0,6.9,,1016.9,
2022-11-02,16.4,13.3,20.6,0.0,,4.0,4.8,,1025.1,
2022-11-03,14.6,11.0,18.9,0.0,,60.0,3.7,,1028.7,
2022-11-04,16.2,11.7,21.1,0.0,,21.0,4.2,,1027.4,
2022-11-05,20.3,18.0,24.4,0.0,,189.0,6.1,,1023.6,
2022-11-06,21.1,18.9,23.3,2.3,,183.0,7.8,,1022.5,
2022-11-07,20.9,12.8,24.4,0.1,,277.0,9.8,,1022.5,
2022-11-08,10.9,8.3,14.0,0.0,,10.0,11.6,,1033.8,
2022-11-09,8.4,4.4,12.0,0.0,,39.0,7.9,,1036.4,
2022-11-10,13.8,8.9,19.0,0.0,,258.0,5.8,,1027.5,
2022-11-11,17.8,15.0,20.0,15.8,,101.0,6.1,,1014.1,
2022-11-12,18.8,16.0,20.0,3.8,,283.0,8.4,,1003.2,
2022-11-13,9.8,5.6,15.6,3.0,,318.0,10.2,,1012.8,
2022-11-14,4.7,3.0,7.0,0.0,,312.0,10.8,,1026.5,
2022-11-15,4.6,2.0,8.0,7.2,,43.0,10.6,,1028.5,
2022-11-16,6.7,4.0,10.0,12.7,,302.0,13.4,,1013.3,
2022-11-17,4.6,2.8,7.2,0.0,,264.0,12.3,,1014.5,
2022-11-18,3.7,1.1,6.1,0.2,,255.0,11.1,,1019.3,
2022-11-19,2.1,0.0,4.4,0.0,,251.0,10.4,,1021.2,
2022-11-20,1.1,-1.1,3.9,0.0,,275.0,15.3,,1020.6,
2022-11-21,1.6,-2.8,5.0,0.0,,235.0,11.7,,1028.4,
2022-11-22,6.8,2.8,10.6,0.0,,255.0,9.0,,1025.8,
2022-11-23,8.9,6.0,12.8,0.0,,305.0,7.9,,1023.6,
2022-11-24,8.3,4.4,11.7,0.0,,100.0,7.0,,1027.1,
2022-11-25,9.8,7.8,12.8,2.8,,254.0,12.5,,1013.4,
2022-11-26,9.6,6.1,13.3,0.0,,280.0,11.3,,1015.8,
2022-11-27,11.4,9.0,15.0,9.2,,217.0,10.2,,1005.7,
2022-11-28,9.7,5.0,12.2,0.0,,293.0,12.6,,1007.1,
2022-11-29,4.5,2.2,6.1,0.0,,8.0,5.2,,1024.5,
2022-11-30,9.6,5.0,14.4,15.2,,183.0,11.8,,1013.5,
2022-12-01,3.8,2.0,6.0,0.0,,281.0,15.6,,1024.0,
2022-12-02,4.1,0.0,8.3,0.0,,239.0,6.8,,1032.6,
2022-12-03,11.4,7.0,14.4,4.5,,226.0,13.5,,1020.1,
2022-12-04,5.1,3.0,7.2,0.0,,299.0,9.3,,1022.2,
2022-12-05,5.6,2.2,9.0,0.0,,218.0,5.5,,1025.0,
2022-12-06,10.9,6.0,14.4,14.4,,120.0,9.2,,1025.7,
2022-12-07,13.8,12.2,15.0,11.4,,235.0,6.5,,1021.1,
2022-12-08,9.8,5.6,12.0,0.0,,333.0,9.4,,1023.0,
2022-12-09,4.0,2.0,7.2,0.0,,11.0,11.5,,1025.5,
2022-12-10,2.3,0.0,4.0,0.0,,49.0,12.5,,1028.5,
2022-12-11,2.7,0.6,4.4,11.0,,50.0,12.4,,1022.9,
2022-12-12,0.6,-2.2,3.3,1.2,,3.0,10.1,,1021.9,
2022-12-13,-0.3,-4.0,4.4,0.0,,326.0,7.2,,1024.2,
2022-12-14,1.1,-1.0,3.3,0.0,,330.0,12.2,,1020.9,
2022-12-15,3.4,0.6,6.0,9.2,,56.0,13.3,,1020.6,
2022-12-16,5.2,3.0,7.0,32.9,,14.0,18.1,,1004.3,
2022-12-17,4.4,2.2,6.7,0.0,,276.0,13.1,,1007.0,
2022-12-18,2.1,0.6,4.0,0.0,,273.0,12.6,,1013.7,
2022-12-19,1.0,-0.6,3.3,0.0,,280.0,12.3,,1023.0,
2022-12-20,1.1,-1.0,3.9,0.0,,315.0,9.6,,1029.1,
2022-12-21,1.1,-2.2,4.4,0.0,,349.0,3.2,,1032.0,
2022-12-22,4.7,1.7,7.8,15.3,,58.0,14.9,,1024.3,
2022-12-23,2.4,-13.0,14.0,19.2,,213.0,17.7,,993.5,
2022-12-24,-11.5,-14.0,-7.5,0.0,,251.0,18.8,,1009.4,
2022-12-25,-6.1,-10.0,-2.8,0.0,,252.0,13.9,,1013.9,
2022-12-26,-4.3,-7.8,-1.7,0.0,,265.0,11.8,,1022.8,
2022-12-27,-0.4,-3.1,1.7,0.0,,263.0,9.7,,1025.2,
2022-12-28,4.4,0.4,8.3,0.0,,233.0,9.6,,1026.1,
2022-12-29,7.7,5.0,10.0,0.0,,235.0,10.2,,1025.7,
2022-12-30,11.4,8.9,16.7,0.0,,265.0,6.1,,1024.6,
2022-12-31,11.3,10.0,13.0,7.4,,291.0,6.3,,1015.4,
2023-01-01,10.8,5.3,12.0,0.4,,280.0,9.5,,1013.2,
2023-01-02,11.4,9.4,13.3,0.5,,265.0,6.8,,1019.7,
2023-01-03,11.2,8.0,14.0,9.6,,165.0,7.9,,1014.6,
2023-01-04,14.5,9.4,19.0,9.9,,208.0,8.9,,1010.6,
2023-01-05,8.7,7.0,10.0,0.4,,54.0,8.1,,1014.1,
2023-01-06,6.8,3.9,8.9,7.5,,317.0,8.8,,1016.0,
2023-01-07,4.7,2.8,7.0,0.0,,282.0,10.8,,1021.0,
2023-01-08,2.9,0.6,5.0,0.0,,291.0,8.0,,1024.3,
2023-01-09,4.3,2.8,6.7,0.8,,283.0,8.3,,1014.1,
2023-01-10,4.2,3.3,5.0,0.0,,304.0,8.0,,1017.1,
2023-01-11,3.0,1.7,4.0,0.0,,67.0,10.8,,1023.6,
2023-01-12,7.4,3.0,12.0,7.2,,89.0,7.9,,1017.2,
2023-01-13,9.1,3.0,13.3,6.5,,258.0,13.3,,1002.8,
2023-01-14,1.1,-1.0,2.8,0.0,,2.0,16.7,,1010.2,
2023-01-15,1.3,-1.1,5.0,0.0,,352.0,16.1,,1015.9,
2023-01-16,2.6,-2.0,8.9,0.0,,313.0,12.8,,1012.1,
2023-01-17,5.5,-1.9,8.3,1.0,,272.0,6.7,,1006.1,
2023-01-18,8.7,6.7,11.1,0.8,,277.0,12.4,,1009.4,
2023-01-19,5.3,4.0,6.7,20.4,,29.0,7.9,,1012.1,
2023-01-20,6.7,4.4,9.4,0.0,,285.0,10.8,,1005.8,
2023-01-21,3.6,2.8,5.0,0.0,,317.0,9.0,,1020.2,
2023-01-22,3.6,2.0,6.0,5.2,,104.0,8.4,,1018.5,
2023-01-23,3.0,2.0,4.0,9.7,,327.0,12.9,,1004.8,
2023-01-24,4.3,2.0,7.2,0.0,,271.0,11.8,,1020.5,
2023-01-25,4.8,2.0,12.0,20.5,,68.0,10.3,,1018.9,
2023-01-26,7.6,5.0,13.0,5.6,,260.0,14.4,,1003.9,
2023-01-27,3.5,2.0,5.0,0.0,,252.0,9.6,,1018.9,
2023-01-28,7.4,3.0,11.0,0.0,,230.0,12.3,,1024.1,
2023-01-29,9.1,5.6,12.0,0.0,,218.0,9.8,,1023.0,
2023-01-30,9.2,6.7,12.2,0.0,,277.0,5.7,,1020.1,
2023-01-31,2.9,-0.6,9.4,2.0,,343.0,8.8,,1021.9,
2023-02-01,-0.2,-3.0,3.0,1.6,,335.0,8.9,,1024.3,
2023-02-02,1.3,-2.0,4.0,0.0,,245.0,9.8,,1019.0,
2023-02-03,-5.4,-12.1,1.1,0.0,,298.0,29.0,,1017.1,
2023-02-04,-9.4,-16.0,-2.8,0.0,,265.0,14.1,,1033.9,
2023-02-05,3.8,-2.0,9.0,0.0,,223.0,12.4,,1021.7,
2023-02-06,6.2,1.0,11.1,0.0,,353.0,9.9,,1017.4,
2023-02-07,2.6,-1.1,6.0,4.7,,101.0,8.2,,1025.0,
2023-02-08,8.0,4.0,11.7,0.0,,285.0,9.8,,1022.5,
2023-02-09,9.3,6.0,12.8,0.0,,124.0,6.8,,1020.4,
2023-02-10,12.5,7.2,15.6,0.0,,272.0,13.9,,1012.2,
2023-02-11,4.9,2.8,7.2,0.0,,308.0,9.8,,1023.7,
2023-02-12,6.1,3.9,8.9,1.0,,12.0,7.2,,1017.1,
2023-02-13,9.1,5.0,13.9,0.0,,317.0,12.1,,1003.0,
2023-02-14,8.9,5.0,12.2,0.0,,286.0,9.1,,1016.7,
2023-02-15,13.7,8.9,19.0,0.8,,207.0,11.2,,1016.6,
2023-02-16,15.9,13.0,20.6,1.0,,251.0,6.9,,1014.4,
2023-02-17,9.9,0.0,16.0,8.0,,262.0,12.4,,1006.1,
2023-02-18,1.9,-3.0,6.0,0.0,,265.0,14.5,,1025.6,
2023-02-19,6.4,3.0,9.4,0.0,,199.0,12.1,,1023.3,
2023-02-20,11.3,8.3,16.1,0.1,,269.0,12.6,,1006.5,
2023-02-21,5.7,2.8,8.9,7.7,,13.0,8.8,,1005.2,
2023-02-22,4.1,2.8,6.0,2.5,,353.0,9.3,,1018.4,
2023-02-23,4.3,3.0,6.7,0.8,,61.0,11.9,,1013.1,
2023-02-24,3.7,-3.9,7.0,0.0,,314.0,15.1,,1023.7,
2023-02-25,-2.3,-5.0,1.0,0.3,,352.0,7.5,,1028.4,
2023-02-26,3.5,-1.1,10.0,0.0,,256.0,9.0,,1012.7,
2023-02-27,3.2,0.6,6.7,3.8,,50.0,9.8,,1012.9,
2023-02-28,1.5,-0.5,3.0,10.8,,16.0,10.9,,1008.6,
2023-03-01,4.2,1.1,7.0,2.6,,113.0,10.3,,1018.5,
2023-03-02,7.1,4.0,12.2,2.4,,342.0,9.8,,1007.2,
2023-03-03,4.9,2.8,8.0,3.0,,45.0,9.7,,1014.8,
2023-03-04,5.3,3.9,7.0,37.3,,353.0,12.3,,1003.3,
2023-03-05,7.0,3.0,11.1,0.0,,297.0,12.9,,1019.7,
2023-03-06,7.7,4.0,11.0,0.0,,304.0,8.8,,1018.0,
2023-03-07,3.8,0.6,8.0,3.4,,318.0,16.7,,1011.4,
2023-03-08,3.4,-1.0,8.9,0.0,,331.0,15.5,,1020.5,
2023-03-09,5.0,1.0,11.0,0.0,,350.0,12.6,,1021.5,
2023-03-10,4.8,1.7,7.2,6.3,,56.0,7.6,,1014.1,
2023-03-11,4.3,1.7,6.7,9.3,,14.0,12.9,,1008.5,
2023-03-13,5.0,3.9,7.0,13.3,,67.0,11.7,,1011.7,
2023-03-14,1.9,1.0,3.3,10.8,,283.0,16.3,,1001.2,
2023-03-15,3.3,0.5,7.0,0.0,,302.0,23.9,,1009.5,
2023-03-16,6.9,-0.9,14.4,0.0,,283.0,12.3,,1015.9,
2023-03-17,12.2,8.9,15.0,0.1,,216.0,7.8,,1006.3,
2023-03-18,8.9,6.0,13.3,2.0,,284.0,11.0,,1005.9,
2023-03-19,1.7,-1.1,5.0,0.0,,278.0,15.8,,1016.2,
2023-03-20,5.2,-0.6,10.6,0.0,,240.0,11.3,,1024.7,
2023-03-21,11.1,5.0,17.2,0.0,,249.0,9.6,,1027.2,
2023-03-22,11.5,8.9,16.0,0.0,,217.0,10.1,,1026.3,
2023-03-23,12.1,8.9,15.6,4.0,,282.0,8.2,,1013.4,
2023-03-24,9.7,6.7,13.3,0.0,,331.0,9.1,,1014.5,
2023-03-25,6.6,5.6,8.3,6.7,,76.0,13.5,,1013.8,
2023-03-26,11.7,6.7,17.0,0.0,,278.0,9.7,,1012.1,
2023-03-27,10.4,6.7,16.1,4.5,,55.0,11.0,,1016.0,
2023-03-28,8.2,5.6,10.6,0.0,,1.0,7.2,,1018.3,
2023-03-29,7.6,2.1,12.0,0.4,,274.0,10.3,,1019.6,
2023-03-30,3.7,-1.0,7.2,0.2,,303.0,12.6,,1024.7,
2023-03-31,8.2,3.9,12.0,0.0,,222.0,10.1,,1022.4,
2023-04-01,15.7,11.1,22.0,7.8,,242.0,10.2,,1000.0,
2023-04-02,7.8,4.4,10.6,0.0,,304.0,15.8,,1012.0,
2023-04-03,9.4,3.9,14.4,0.0,,141.0,10.0,,1019.0,
2023-04-04,15.7,8.9,22.2,0.0,,23.0,5.6,,1016.9,
2023-04-05,10.1,8.0,13.9,0.0,,68.0,13.1,,1023.0,
2023-04-06,15.9,8.3,25.6,2.1,,333.0,7.2,,1020.2,
2023-04-07,11.8,7.0,15.6,0.6,,307.0,13.7,,1026.6,
2023-04-08,7.1,3.0,11.1,0.0,,349.0,8.3,,1031.9,
2023-04-09,8.0,5.0,12.8,0.0,,23.0,7.6,,1032.3,
2023-04-10,12.0,6.0,18.9,0.0,,234.0,8.7,,1029.6,
2023-04-11,17.6,11.1,23.0,0.0,,249.0,10.8,,1019.2,
2023-04-12,23.4,18.3,28.9,0.0,,278.0,9.3,,1010.5,
2023-04-13,26.1,20.0,32.0,0.0,,270.0,11.1,,1010.8,
2023-04-14,26.3,21.1,32.2,0.0,,242.0,7.0,,1011.2,
2023-04-15,19.5,15.0,23.0,5.6,,119.0,8.1,,1012.3,
2023-04-16,17.2,14.0,21.0,0.3,,79.0,6.6,,1010.0,
2023-04-17,14.7,11.7,21.1,0.7,,176.0,12.2,,1003.2,
2023-04-18,10.9,7.8,13.3,0.0,,271.0,13.8,,1008.3,
2023-04-19,11.4,7.8,17.8,0.0,,287.0,9.5,,1017.3,
2023-04-20,12.3,7.0,18.3,0.0,,34.0,6.5,,1022.2,
2023-04-21,15.3,11.0,21.1,0.0,,85.0,9.8,,1018.4,
2023-04-22,13.8,10.6,18.3,10.1,,74.0,13.1,,1014.1,
2023-04-23,14.6,11.1,20.0,27.7,,336.0,8.3,,1011.6,
2023-04-24,11.5,7.0,15.6,0.0,,302.0,8.0,,1017.3,
2023-04-25,11.6,8.0,15.0,0.0,,315.0,7.1,,1021.3,
2023-04-26,11.3,7.8,14.4,0.1,,68.0,6.4,,1023.1,
2023-04-27,11.6,10.0,13.3,1.5,,87.0,7.0,,1023.0,
2023-04-28,10.7,8.0,13.0,4.9,,82.0,10.6,,1021.0,
2023-04-29,10.1,8.9,11.7,32.1,,69.0,16.2,,1012.9,
2023-04-30,12.5,10.0,16.0,42.3,,66.0,12.2,,999.4,
2023-05-01,13.4,9.4,16.1,2.4,,236.0,14.0,,992.4,
2023-05-02,10.3,7.2,13.3,2.9,,242.0,9.3,,996.0,
2023-05-03,10.4,8.3,13.3,0.2,,270.0,7.2,,999.6,
2023-05-04,10.4,8.9,12.2,3.4,,22.0,6.8,,1011.2,
2023-05-05,12.8,9.0,18.0,0.9,,9.0,4.8,,1022.0,
2023-05-06,16.4,8.9,23.0,0.0,,326.0,5.9,,1022.6,
2023-05-07,18.8,13.3,25.0,0.0,,299.0,6.4,,1014.9,
2023-05-08,19.9,14.4,24.4,6.3,,322.0,8.4,,1008.8,
2023-05-09,16.0,12.8,21.1,0.0,,38.0,7.4,,1014.7,
2023-05-10,16.4,10.6,22.2,0.0,,321.0,4.5,,1020.2,
2023-05-11,21.0,13.9,27.0,0.0,,272.0,7.7,,1019.0,
2023-05-12,24.5,18.9,30.6,0.0,,275.0,6.3,,1017.4,
2023-05-13,24.2,20.6,27.0,0.0,,326.0,4.9,,1016.0,
2023-05-14,19.0,15.6,23.3,0.0,,14.0,10.1,,1021.7,
2023-05-15,18.0,11.1,23.0,0.0,,307.0,7.2,,1021.3,
2023-05-16,21.1,15.0,26.0,0.0,,255.0,9.3,,1006.6,
2023-05-17,15.9,11.0,21.1,0.0,,341.0,10.5,,1008.8,
2023-05-18,11.9,6.7,15.6,0.0,,76.0,9.1,,1025.8,
2023-05-19,15.7,11.7,20.6,0.0,,164.0,13.6,,1026.5,
2023-05-20,16.3,13.9,18.3,40.1,,60.0,5.1,,1017.2,
2023-05-21,17.5,13.0,21.0,0.3,,317.0,10.5,,1014.3,
2023-05-22,17.8,13.9,23.3,0.0,,46.0,7.4,,1021.7,
2023-05-23,15.8,12.8,21.0,0.0,,79.0,7.7,,1026.3,
2023-05-24,16.8,11.7,24.4,0.0,,26.0,6.3,,1017.9,
2023-05-25,15.1,10.6,19.4,0.0,,27.0,12.5,,1020.4,
2023-05-26,17.4,11.7,22.2,0.0,,21.0,6.9,,1024.5,
2023-05-27,19.1,13.3,25.6,0.0,,51.0,6.2,,1025.7,
2023-05-28,19.9,15.6,25.6,0.0,,218.0,5.7,,1020.0,
2023-05-29,20.6,16.1,26.1,0.0,,71.0,11.0,,1017.3,
2023-05-30,16.6,13.0,21.7,0.0,,68.0,8.7,,1022.8,
2023-05-31,17.4,10.6,25.0,0.0,,40.0,4.4,,1022.4,
2023-06-01,21.9,15.0,30.0,0.0,,16.0,4.1,,1018.7,
2023-06-02,23.6,18.9,31.0,0.0,,35.0,4.7,,1012.9,
2023-06-03,17.8,13.0,20.6,0.0,,67.0,11.3,,1015.7,
2023-06-04,15.1,9.4,20.6,0.0,,31.0,10.5,,1016.6,
2023-06-05,18.8,13.0,24.0,0.0,,339.0,7.4,,1011.5,
2023-06-06,19.8,15.6,25.6,0.2,,318.0,7.7,,1005.1,
2023-06-07,17.4,14.4,20.0,0.0,,307.0,9.2,,1004.0,
2023-06-08,17.1,12.8,22.0,0.1,,328.0,4.8,,1006.0,
2023-06-09,18.0,14.4,22.2,0.0,,330.0,6.9,,1007.2,
2023-06-10,19.9,14.4,25.0,1.8,,299.0,7.7,,1008.8,
2023-06-11,22.3,18.0,27.2,0.0,,356.0,5.3,,1011.1,
2023-06-12,21.7,19.4,24.4,7.0,,111.0,7.8,,1007.3,
2023-06-13,21.2,17.8,26.0,0.2,,285.0,9.2,,1004.8,
2023-06-14,19.8,17.8,24.0,9.9,,264.0,7.9,,1001.2,
2023-06-15,20.7,16.1,25.0,0.0,,286.0,9.6,,1003.5,
2023-06-16,20.3,17.2,26.0,17.8,,69.0,5.8,,1006.5,
2023-06-17,19.9,16.7,25.0,0.0,,318.0,11.2,,1005.4,
2023-06-18,22.0,17.2,26.7,0.0,,309.0,7.8,,1010.6,
2023-06-19,22.0,18.9,27.2,0.0,,46.0,6.7,,1017.4,
2023-06-20,20.7,17.8,25.0,0.0,,76.0,9.4,,1022.7,
2023-06-21,19.0,16.7,22.2,0.0,,65.0,16.3,,1024.6,
2023-06-22,18.4,15.6,22.0,1.2,,56.0,14.4,,1021.4,
2023-06-23,20.0,18.3,22.0,4.1,,103.0,6.7,,1017.0,
2023-06-24,22.8,20.6,26.0,12.5,,20.0,5.6,,1011.2,
2023-06-25,24.4,21.7,28.9,1.0,,337.0,5.2,,1009.6,
2023-06-26,22.5,20.6,25.6,1.7,,82.0,8.3,,1008.1,
2023-06-27,21.5,19.0,24.4,8.5,,7.0,4.6,,1006.3,
2023-06-28,23.2,19.0,27.2,1.5,,302.0,6.2,,1009.7,
2023-06-29,23.1,18.3,27.2,0.0,,322.0,6.4,,1016.0,
2023-06-30,24.2,21.0,28.3,0.0,,185.0,8.0,,1017.6,
2023-07-01,23.7,20.6,27.8,0.0,,167.0,6.9,,1017.0,
2023-07-02,24.7,21.0,29.4,17.0,,192.0,5.2,,1011.4,
2023-07-03,25.8,22.8,30.6,19.8,,306.0,4.4,,1010.2,
2023-07-04,24.6,23.0,27.8,1.7,,339.0,2.4,,1012.6,
2023-07-05,27.5,22.8,33.3,0.0,,348.0,4.3,,1015.2,
2023-07-06,26.7,21.8,31.7,0.0,,252.0,5.2,,1013.7,
2023-07-07,26.1,23.9,30.0,0.3,,15.0,3.0,,1011.6,
2023-07-08,26.4,24.4,31.0,4.7,,75.0,6.2,,1010.9,
2023-07-09,24.9,22.2,27.2,19.5,,94.0,5.1,,1010.3,
2023-07-10,24.9,21.7,28.3,7.7,,316.0,7.0,,1008.6,
2023-07-11,26.0,20.6,31.1,0.0,,296.0,6.3,,1011.9,
2023-07-12,28.3,24.0,31.7,0.0,,267.0,6.5,,1013.2,
2023-07-13,27.9,25.0,31.1,0.2,,216.0,9.4,,1011.0,
2023-07-14,25.3,22.2,28.3,14.3,,62.0,8.0,,1012.4,
2023-07-15,25.5,22.0,30.6,2.0,,30.0,7.7,,1013.8,
2023-07-16,25.0,23.0,26.0,20.8,,239.0,5.3,,1010.3,
2023-07-17,26.9,23.3,31.1,0.0,,278.0,6.5,,1013.2,
2023-07-18,25.5,23.0,28.3,2.6,,236.0,5.0,,1014.2,
2023-07-19,24.1,22.8,26.1,1.4,,319.0,3.9,,1016.3,
2023-07-20,25.4,22.2,30.0,1.8,,37.0,5.4,,1015.0,
2023-07-21,25.3,21.7,29.0,34.6,,273.0,6.6,,1008.2,
2023-07-22,24.9,21.1,28.3,0.0,,329.0,7.1,,1009.3,
2023-07-23,25.3,21.0,30.0,0.1,,341.0,4.4,,1014.5,
2023-07-24,25.8,23.9,29.4,0.0,,192.0,11.0,,1019.1,
2023-07-25,24.0,20.6,29.4,16.4,,227.0,7.1,,1018.9,
2023-07-26,25.1,20.0,30.0,0.0,,298.0,5.8,,1018.6,
2023-07-27,28.1,23.9,32.8,0.0,,236.0,9.0,,1014.3,
2023-07-28,28.4,23.9,32.8,0.0,,302.0,6.0,,1014.8,
2023-07-29,27.4,23.0,31.1,3.4,,263.0,8.0,,1008.9,
2023-07-30,22.5,18.9,26.1,0.0,,331.0,8.0,,1013.3,
2023-07-31,23.7,18.9,28.9,0.0,,321.0,5.5,,1015.3,
2023-08-01,23.0,19.0,26.7,0.0,,5.0,8.6,,1019.9,
2023-08-02,22.2,17.8,26.7,0.0,,17.0,6.0,,1022.7,
2023-08-03,22.6,19.4,26.1,0.1,,196.0,11.2,,1019.4,
2023-08-04,22.9,21.7,24.4,0.6,,215.0,6.1,,1014.9,
2023-08-05,25.3,21.7,29.4,1.7,,10.0,5.4,,1014.7,
2023-08-06,25.4,21.0,30.6,0.0,,15.0,6.7,,1015.9,
2023-08-07,23.5,20.6,27.0,31.9,,167.0,10.8,,1011.8,
2023-08-08,23.3,21.0,26.1,11.0,,286.0,10.7,,1004.5,
2023-08-09,25.1,20.6,30.0,0.0,,285.0,11.8,,1007.1,
2023-08-10,23.2,21.0,26.7,9.4,,317.0,4.5,,1005.8,
2023-08-11,24.0,18.2,29.0,0.0,,289.0,8.3,,1008.3,
2023-08-12,25.0,18.2,29.4,0.5,,122.0,7.7,,1011.9,
2023-08-13,25.5,20.6,30.0,0.9,,294.0,8.6,,1011.8,
2023-08-14,25.6,18.9,29.4,0.0,,324.0,3.3,,1014.0,
2023-08-15,23.4,21.0,26.1,17.1,,46.0,9.6,,1008.9,
2023-08-16,23.6,20.6,27.0,1.6,,53.0,5.7,,1013.3,
2023-08-17,23.8,22.8,26.0,2.5,,80.0,7.6,,1013.7,
2023-08-18,23.5,18.9,26.1,4.1,,293.0,7.7,,1008.0,
2023-08-19,21.5,17.2,25.9,0.0,,280.0,8.7,,1015.0,
2023-08-20,24.4,19.0,28.9,0.0,,269.0,7.1,,1018.8,
2023-08-21,26.6,22.8,30.6,0.0,,285.0,7.3,,1017.2,
2023-08-22,22.9,19.4,25.6,0.0,,9.0,8.8,,1018.5,
2023-08-23,21.8,18.0,26.7,0.0,,39.0,5.7,,1020.1,
2023-08-24,21.1,19.4,23.0,2.4,,32.0,4.9,,1018.1,
2023-08-25,22.8,21.0,25.6,7.1,,230.0,7.3,,1012.1,
2023-08-26,25.4,23.3,28.9,0.3,,342.0,5.5,,1010.6,
2023-08-27,24.3,21.1,28.3,0.0,,15.0,7.9,,1013.4,
2023-08-28,22.5,21.0,24.0,0.0,,100.0,8.4,,1017.5,
2023-08-29,23.1,20.0,26.1,0.2,,60.0,7.2,,1013.9,
2023-08-30,24.3,21.0,28.0,0.5,,300.0,8.0,,1007.3,
2023-08-31,21.0,18.0,24.4,0.0,,15.0,12.2,,1014.3,
2023-09-01,19.8,16.1,24.0,0.0,,35.0,7.9,,1024.5,
2023-09-02,21.0,16.7,26.0,0.0,,263.0,4.5,,1021.7,
2023-09-03,25.8,20.6,31.1,0.2,,264.0,7.8,,1014.0,
2023-09-04,27.1,23.0,30.6,0.0,,334.0,4.5,,1011.6,
2023-09-05,28.3,23.9,32.0,0.0,,5.0,5.2,,1013.3,
2023-09-06,29.1,25.0,33.9,0.0,,338.0,4.2,,1010.6,
2023-09-07,29.0,24.4,33.9,0.2,,310.0,3.9,,1009.5,
2023-09-08,24.9,22.0,31.7,9.8,,45.0,5.5,,1014.1,
2023-09-09,24.4,21.0,28.3,1.8,,8.0,4.7,,1018.6,
2023-09-10,22.9,20.6,24.0,9.3,,31.0,4.6,,1019.1,
2023-09-11,23.2,21.0,27.2,14.8,,26.0,4.5,,1016.3,
2023-09-12,23.1,20.0,27.8,0.1,,350.0,3.8,,1015.6,
2023-09-13,23.4,21.7,25.6,4.0,,296.0,5.5,,1013.4,
2023-09-14,21.1,18.3,24.4,0.0,,343.0,8.5,,1017.3,
2023-09-15,17.3,14.4,20.0,0.0,,2.0,11.0,,1017.4,
2023-09-16,19.5,15.6,23.3,0.0,,310.0,10.7,,1013.0,
2023-09-17,19.6,15.0,24.4,1.2,,296.0,4.5,,1013.8,
2023-09-18,18.6,16.7,20.0,27.4,,344.0,6.3,,1009.1,
2023-09-19,18.2,14.0,22.2,0.0,,289.0,9.1,,1014.0,
2023-09-20,18.7,14.4,22.2,0.0,,311.0,5.7,,1020.8,
2023-09-21,17.9,14.0,21.7,0.0,,4.0,5.9,,1024.7,
2023-09-22,18.1,15.0,21.1,0.0,,64.0,11.5,,1027.1,
2023-09-23,15.4,13.9,17.2,21.0,,55.0,18.6,,1020.8,
2023-09-24,17.8,16.7,19.0,38.8,,62.0,18.9,,1015.9,
2023-09-25,16.6,14.0,18.3,13.3,,52.0,15.4,,1018.5,
2023-09-26,14.7,13.3,16.0,7.5,,48.0,10.1,,1026.9,
2023-09-27,14.5,10.6,17.2,0.0,,58.0,11.1,,1027.0,
2023-09-28,14.9,13.0,18.0,0.5,,53.0,10.4,,1025.1,
2023-09-29,16.6,15.6,17.2,84.3,,45.0,12.4,,1021.5,
2023-09-30,16.1,13.9,19.0,1.6,,11.0,9.7,,1021.7,
2023-10-01,19.6,14.7,24.4,0.0,,4.0,7.4,,1021.7,
2023-10-02,20.5,17.2,25.0,0.0,,6.0,5.9,,1022.2,
2023-10-03,21.1,16.1,27.0,0.0,,343.0,2.5,,1021.5,
2023-10-04,22.3,18.9,27.8,0.0,,12.0,4.0,,1022.3,
2023-10-05,20.2,17.2,24.4,0.0,,50.0,4.0,,1023.0,
2023-10-06,20.7,19.0,22.0,2.5,,73.0,5.6,,1017.0,
2023-10-07,17.4,11.4,21.0,51.7,,353.0,10.1,,1006.5,
2023-10-08,12.5,10.0,14.4,0.0,,255.0,12.4,,1004.7,
2023-10-09,12.1,9.0,15.0,0.0,,241.0,9.6,,1008.6,
2023-10-10,14.0,8.1,17.0,0.2,,243.0,9.4,,1010.1,
2023-10-11,16.0,10.8,21.0,0.0,,303.0,5.2,,1011.1,
2023-10-12,15.5,8.7,20.0,0.0,,322.0,6.4,,1012.2,
2023-10-13,13.9,10.6,16.7,0.0,,340.0,6.8,,1014.6,
2023-10-14,11.2,9.4,13.3,12.2,,24.0,7.4,,1009.2,
2023-10-15,12.3,9.8,15.0,1.3,,331.0,10.1,,1000.3,
2023-10-16,12.3,8.9,17.0,0.0,,314.0,7.6,,1003.8,
2023-10-17,13.1,9.3,16.1,0.0,,350.0,6.7,,1013.2,
2023-10-18,14.1,11.0,16.7,0.1,,19.0,4.3,,1020.5,
2023-10-19,14.5,11.1,18.0,0.0,,267.0,6.1,,1019.8,
2023-10-20,16.2,13.5,17.0,22.4,,152.0,9.5,,1007.0,
2023-10-21,15.2,13.3,16.7,2.8,,303.0,9.4,,993.8,
2023-10-22,11.9,8.9,13.9,0.0,,280.0,12.9,,1004.4,
2023-10-23,11.3,8.0,15.0,0.0,,325.0,9.3,,1020.0,
2023-10-24,13.2,8.9,17.8,0.0,,115.0,6.5,,1027.5,
2023-10-25,16.8,12.0,21.7,0.0,,230.0,8.9,,1025.1,
2023-10-26,19.8,14.0,25.0,0.0,,242.0,5.5,,1023.0,
2023-10-27,19.9,17.2,23.0,0.0,,251.0,5.9,,1019.2,
2023-10-28,21.8,18.3,26.1,0.0,,272.0,7.8,,1016.6,
2023-10-29,12.7,10.6,17.2,30.3,,47.0,11.1,,1019.0,
2023-10-30,12.7,10.0,15.0,0.6,,332.0,7.7,,1010.5,
2023-10-31,9.2,7.2,11.0,0.3,,16.0,7.3,,1017.8,
2023-11-01,6.9,4.0,9.0,1.6,,341.0,10.6,,1018.3,
2023-11-02,5.4,1.7,9.0,0.0,,279.0,8.1,,1030.9,
2023-11-03,9.0,2.8,12.8,0.0,,219.0,8.2,,1030.4,
2023-11-04,11.7,8.3,16.0,0.0,,232.0,8.3,,1023.1,
2023-11-05,12.9,6.7,17.8,0.0,,328.0,5.3,,1017.6,
2023-11-06,10.5,7.0,13.3,0.0,,57.0,6.7,,1019.5,
2023-11-07,14.5,12.0,17.2,3.7,,253.0,9.6,,1009.4,
2023-11-08,8.2,6.0,11.7,0.0,,335.0,9.6,,1017.7,
2023-11-09,10.4,3.5,14.0,5.2,,12.0,7.4,,1013.2,
2023-11-10,9.9,5.0,11.7,0.1,,260.0,7.8,,1019.4,
2023-11-11,8.4,3.3,12.2,0.0,,315.0,8.7,,1026.8,
2023-11-12,4.4,1.9,6.7,0.0,,21.0,8.9,,1031.7,
2023-11-13,6.0,2.2,8.9,0.0,,333.0,6.1,,1025.6,
2023-11-14,8.4,6.0,12.0,0.0,,315.0,8.6,,1025.4,
2023-11-15,8.2,4.4,11.7,0.0,,272.0,5.3,,1028.6,
2023-11-16,12.4,7.8,17.8,0.0,,251.0,7.0,,1023.4,
2023-11-17,15.0,5.4,19.4,0.0,,212.0,8.6,,1015.8,
2023-11-18,11.2,5.0,17.0,0.9,,299.0,11.2,,1008.3,
2023-11-19,8.3,4.0,13.0,0.0,,270.0,8.1,,1014.1,
2023-11-20,4.6,2.8,7.2,0.0,,5.0,8.9,,1028.1,
2023-11-21,5.2,1.0,8.3,9.6,,80.0,13.0,,1028.9,
2023-11-22,11.0,9.0,14.6,30.2,,338.0,9.1,,1006.3,
2023-11-23,9.1,6.7,11.1,0.0,,296.0,10.6,,1011.5,
2023-11-24,6.8,0.6,10.6,0.0,,308.0,10.3,,1021.0,
2023-11-25,2.0,-0.6,4.0,0.0,,348.0,4.5,,1028.9,
2023-11-26,7.0,2.2,12.0,5.0,,84.0,8.3,,1019.2,
2023-11-27,7.6,2.2,12.8,4.2,,269.0,11.2,,1006.9,
2023-11-28,1.6,0.0,4.0,0.0,,280.0,15.4,,1011.8,
2023-11-29,0.2,-3.0,2.8,0.0,,253.0,10.0,,1018.8,
2023-11-30,6.3,1.1,10.0,0.0,,231.0,9.8,,1020.1,
2023-12-01,7.8,6.0,10.0,3.9,,213.0,6.1,,1020.1,
2023-12-02,10.8,8.0,15.0,0.0,,296.0,5.2,,1016.1,
2023-12-03,10.6,9.0,12.0,18.0,,67.0,11.0,,1009.2,
2023-12-04,8.8,6.1,11.1,0.0,,274.0,10.2,,1008.5,
2023-12-05,4.9,3.3,6.1,0.0,,329.0,7.9,,1016.0,
2023-12-06,3.1,1.0,5.0,0.0,,344.0,10.6,,1015.8,
2023-12-07,2.1,0.0,4.0,0.0,,267.0,9.7,,1016.8,
2023-12-08,7.1,3.9,10.0,0.0,,238.0,5.3,,1021.5,
2023-12-09,10.4,6.7,14.4,0.0,,45.0,4.2,,1021.9,
2023-12-10,13.7,10.0,16.1,19.7,,165.0,7.3,,1011.5,
2023-12-11,5.4,3.0,8.0,18.8,,299.0,14.3,,1011.6,
2023-12-12,4.5,2.0,6.7,0.0,,246.0,10.0,,1028.4,
2023-12-13,5.1,2.2,8.3,0.0,,283.0,11.6,,1031.4,
2023-12-14,2.8,0.6,4.4,0.0,,273.0,10.5,,1035.9,
2023-12-15,8.5,3.0,14.4,0.0,,255.0,9.0,,1027.9,
2023-12-16,9.9,8.0,12.2,0.0,,39.0,10.1,,1031.5,
2023-12-17,10.6,8.0,14.4,25.7,,74.0,11.1,,1021.5,
2023-12-18,12.0,5.6,17.0,61.4,,211.0,15.0,,992.5,
2023-12-19,3.5,0.0,6.1,0.0,,286.0,12.5,,1015.3,
2023-12-20,2.5,-1.1,7.2,0.0,,318.0,10.3,,1027.6,
2023-12-21,2.6,-1.0,5.6,0.0,,4.0,10.5,,1029.8,
2023-12-22,-0.6,-4.8,3.0,0.0,,6.0,6.2,,1031.8,
2023-12-23,3.9,1.0,6.7,0.0,,52.0,6.4,,1031.8,
2023-12-24,7.1,4.4,9.0,0.0,,353.0,3.0,,1029.8,
2023-12-25,7.7,4.6,9.4,0.0,,38.0,5.7,,1030.4,
2023-12-26,8.3,6.7,10.6,0.0,,14.0,3.9,,1025.9,
2023-12-27,8.0,7.0,10.0,4.1,,53.0,8.7,,1017.9,
2023-12-28,10.7,9.0,13.0,47.6,,48.0,13.3,,1006.2,
2023-12-29,9.8,8.0,13.0,0.0,,267.0,8.7,,1005.1,
2023-12-30,5.9,4.0,8.0,0.0,,277.0,11.0,,1005.4,
2023-12-31,5.4,4.0,6.0,0.0,,277.0,9.1,,1015.3,
2024-01-01,5.3,2.0,8.0,0.1,,332.0,7.8,,1017.5,
2024-01-02,2.1,-4.3,6.0,0.0,,320.0,8.4,,1018.2,
2024-01-03,3.6,1.0,6.1,0.0,,274.0,8.6,,1016.2,
2024-01-04,3.4,-2.0,7.0,0.0,,298.0,13.3,,1016.2,
2024-01-05,-0.1,-3.3,2.8,0.0,,275.0,12.6,,1024.3,
2024-01-06,1.4,0.0,3.0,14.6,,43.0,11.3,,1017.2,
2024-01-07,2.5,1.7,3.3,6.7,,345.0,13.3,,1005.7,
2024-01-08,4.3,2.0,7.0,0.0,,319.0,9.0,,1026.5,
2024-01-09,7.1,2.8,14.0,29.5,,102.0,11.8,,1016.5,
2024-01-10,9.7,6.7,13.9,19.0,,247.0,15.4,,993.2,
2024-01-11,6.7,5.0,8.0,0.0,,242.0,12.3,,1010.7,
2024-01-12,7.1,5.0,10.0,3.8,,75.0,11.1,,1017.8,
2024-01-13,9.3,2.2,15.6,48.6,,228.0,16.8,,995.7,
2024-01-14,1.4,-2.8,6.0,0.2,,255.0,14.1,,1012.7,
2024-01-15,-3.0,-4.4,-1.7,0.2,,270.0,8.8,,1023.2,
2024-01-16,-2.6,-6.0,-0.6,9.5,,354.0,17.2,,1011.7,
2024-01-17,-5.9,-8.3,-4.0,0.0,,274.0,14.7,,1015.6,
2024-01-18,-2.2,-6.0,0.6,0.0,,241.0,10.6,,1019.9,
2024-01-19,-1.5,-3.3,0.0,1.7,,16.0,12.0,,1010.8,
2024-01-20,-6.1,-7.8,-3.9,0.0,,300.0,17.3,,1015.0,
2024-01-21,-4.0,-6.7,-1.0,0.0,,306.0,15.8,,1026.8,
2024-01-22,-0.5,-4.0,2.8,0.0,,266.0,11.5,,1032.9,
2024-01-23,3.1,1.1,4.4,0.3,,291.0,8.8,,1032.4,
2024-01-24,5.8,3.0,8.3,2.8,,85.0,7.6,,1030.8,
2024-01-25,11.7,8.3,14.4,4.6,,309.0,7.7,,1021.0,
2024-01-26,6.5,5.6,7.2,5.0,,53.0,9.4,,1018.4,
2024-01-27,7.3,6.1,8.9,0.0,,9.0,8.5,,1022.1,
2024-01-28,4.1,2.8,6.0,23.1,,53.0,16.3,,1009.8,
2024-01-29,3.1,2.0,4.4,1.0,,2.0,15.4,,1011.2,
2024-01-30,2.3,1.7,3.0,0.0,,57.0,8.3,,1022.2,
2024-01-31,3.0,1.1,4.0,0.0,,143.0,7.3,,1020.0,
2024-02-01,5.7,2.8,7.8,0.0,,258.0,6.8,,1015.2,
2024-02-02,5.5,3.3,7.0,3.5,,350.0,9.7,,1012.5,
2024-02-03,3.0,0.0,6.1,0.0,,9.0,13.6,,1017.2,
2024-02-04,2.2,-1.3,7.8,0.0,,355.0,9.9,,1015.4,
2024-02-05,2.8,0.0,6.7,0.0,,9.0,12.1,,1014.4,
2024-02-06,1.7,-2.0,5.0,0.0,,23.0,11.2,,1021.9,
2024-02-07,4.6,0.6,8.3,0.0,,20.0,6.9,,1025.4,
2024-02-08,7.1,3.0,11.1,0.0,,76.0,6.5,,1025.4,
2024-02-09,8.5,6.1,12.0,0.2,,179.0,7.7,,1018.7,
2024-02-10,12.2,8.3,15.0,0.0,,270.0,6.6,,1010.8,
2024-02-11,8.4,6.0,13.0,0.0,,307.0,9.6,,1012.9,
2024-02-12,5.5,2.8,8.3,0.6,,4.0,7.6,,1011.9,
2024-02-13,2.5,0.6,4.4,25.0,,348.0,14.6,,1003.4,
2024-02-14,0.2,-3.8,3.3,0.0,,296.0,18.7,,1016.3,
2024-02-15,0.7,-2.8,4.0,0.3,,245.0,11.0,,1017.4,
2024-02-16,3.6,2.0,5.6,0.0,,303.0,13.7,,1011.2,
2024-02-17,0.0,-2.2,2.2,5.2,,324.0,12.7,,1009.8,
2024-02-18,0.8,-3.3,4.4,0.0,,244.0,11.9,,1011.6,
2024-02-19,2.2,-0.6,4.4,0.0,,310.0,9.8,,1021.1,
2024-02-20,0.1,-3.3,3.9,0.0,,52.0,8.7,,1031.7,
2024-02-21,2.1,-0.6,6.1,0.0,,91.0,9.0,,1029.8,
2024-02-22,4.4,1.7,7.0,1.6,,159.0,7.9,,1015.0,
2024-02-23,7.1,5.6,8.3,4.3,,354.0,6.1,,999.4,
2024-02-24,4.0,-2.2,6.7,0.0,,327.0,11.6,,1006.2,
2024-02-25,-0.2,-5.0,4.0,0.0,,271.0,7.7,,1019.7,
2024-02-26,6.7,2.0,12.2,1.0,,218.0,7.7,,1017.3,
2024-02-27,9.0,5.0,12.8,5.3,,100.0,8.5,,1015.2,
2024-02-28,12.5,7.0,16.1,11.1,,175.0,14.5,,1005.2,
2024-02-29,2.2,-1.7,5.0,0.0,,294.0,16.5,,1024.1,
2024-03-01,3.3,-1.1,8.3,0.0,,216.0,7.9,,1035.3,
2024-03-02,8.6,6.0,12.8,20.5,,66.0,7.7,,1025.5,
2024-03-03,13.6,8.9,19.4,0.0,,326.0,7.8,,1021.8,
2024-03-04,11.1,7.8,16.5,0.0,,85.0,10.2,,1027.7,
2024-03-05,6.9,6.0,8.9,13.4,,53.0,13.9,,1020.9,
2024-03-06,9.3,5.7,12.0,33.1,,65.0,9.5,,1015.2,
2024-03-07,9.7,5.5,12.2,6.8,,8.0,16.9,,1012.6,
2024-03-08,6.4,0.8,13.3,0.0,,67.0,12.6,,1025.2,
2024-03-09,5.8,3.6,8.3,17.0,,112.0,19.0,,1017.1,
2024-03-11,4.8,1.0,11.1,0.0,,294.0,29.1,,1004.6,
2024-03-12,11.5,2.9,19.0,0.0,,273.0,13.3,,1010.0,
2024-03-13,10.5,1.8,16.1,0.0,,87.0,7.5,,1013.1,
2024-03-14,13.6,7.8,23.0,0.0,,30.0,6.0,,1015.7,
2024-03-15,14.6,8.8,21.7,2.1,,271.0,16.7,,1007.5,
2024-03-16,11.4,6.3,16.1,0.0,,324.0,7.3,,1009.2,
2024-03-17,12.9,9.1,16.7,0.2,,265.0,12.1,,1002.4,
2024-03-18,7.3,4.0,9.4,0.0,,301.0,12.1,,1006.2,
2024-03-19,4.7,2.0,8.9,0.2,,284.0,14.2,,1007.3,
2024-03-20,7.3,2.2,13.3,4.0,,259.0,12.2,,1005.1,
2024-03-21,1.5,-1.6,6.0,0.0,,295.0,17.5,,1019.0,
2024-03-22,0.6,-4.3,5.7,0.0,,234.0,11.7,,1028.0,
2024-03-23,7.6,2.7,13.1,70.3,,121.0,26.0,,1010.8,
